date,total_vaccinations,people_vaccinated,people_fully_vaccinated,total_boosters,vaccine,location,source_url
2020-12-28,339,339,0,0,Pfizer/BioNTech,Belgium,https://epistat.wiv-isp.be/covid/
2020-12-29,379,378,11,0,Pfizer/BioNTech,Belgium,https://epistat.wiv-isp.be/covid/
2020-12-30,906,904,21,0,Pfizer/BioNTech,Belgium,https://epistat.wiv-isp.be/covid/
2020-12-31,953,951,21,0,Pfizer/BioNTech,Belgium,https://epistat.wiv-isp.be/covid/
2021-01-01,970,968,21,0,Pfizer/BioNTech,Belgium,https://epistat.wiv-isp.be/covid/
2021-01-02,992,990,34,0,Pfizer/BioNTech,Belgium,https://epistat.wiv-isp.be/covid/
2021-01-03,1022,1020,34,0,Pfizer/BioNTech,Belgium,https://epistat.wiv-isp.be/covid/
2021-01-04,1085,1082,47,0,Pfizer/BioNTech,Belgium,https://epistat.wiv-isp.be/covid/
2021-01-05,2869,2863,75,0,Pfizer/BioNTech,Belgium,https://epistat.wiv-isp.be/covid/
2021-01-06,6894,6887,103,0,Pfizer/BioNTech,Belgium,https://epistat.wiv-isp.be/covid/
2021-01-07,15407,15393,124,0,Pfizer/BioNTech,Belgium,https://epistat.wiv-isp.be/covid/
2021-01-08,24840,24818,173,0,Pfizer/BioNTech,Belgium,https://epistat.wiv-isp.be/covid/
2021-01-09,28134,28109,190,0,Pfizer/BioNTech,Belgium,https://epistat.wiv-isp.be/covid/
2021-01-10,28629,28602,192,0,Pfizer/BioNTech,Belgium,https://epistat.wiv-isp.be/covid/
2021-01-11,34371,34333,212,0,"Moderna, Pfizer/BioNTech",Belgium,https://epistat.wiv-isp.be/covid/
2021-01-12,50471,50423,243,0,"Moderna, Pfizer/BioNTech",Belgium,https://epistat.wiv-isp.be/covid/
2021-01-13,72435,72265,382,0,"Moderna, Pfizer/BioNTech",Belgium,https://epistat.wiv-isp.be/covid/
2021-01-14,96006,95819,410,0,"Moderna, Pfizer/BioNTech",Belgium,https://epistat.wiv-isp.be/covid/
2021-01-15,119724,119528,439,0,"Moderna, Pfizer/BioNTech",Belgium,https://epistat.wiv-isp.be/covid/
2021-01-16,124972,124772,453,0,"Moderna, Pfizer/BioNTech",Belgium,https://epistat.wiv-isp.be/covid/
2021-01-17,128269,128043,479,0,"Moderna, Pfizer/BioNTech",Belgium,https://epistat.wiv-isp.be/covid/
2021-01-18,139571,139195,642,0,"Moderna, Pfizer/BioNTech",Belgium,https://epistat.wiv-isp.be/covid/
2021-01-19,159068,158484,884,0,"Moderna, Pfizer/BioNTech",Belgium,https://epistat.wiv-isp.be/covid/
2021-01-20,180826,179770,1383,0,"Moderna, Pfizer/BioNTech",Belgium,https://epistat.wiv-isp.be/covid/
2021-01-21,211247,210152,1446,0,"Moderna, Pfizer/BioNTech",Belgium,https://epistat.wiv-isp.be/covid/
2021-01-22,241495,240353,1529,0,"Moderna, Pfizer/BioNTech",Belgium,https://epistat.wiv-isp.be/covid/
2021-01-23,250023,248870,1551,0,"Moderna, Pfizer/BioNTech",Belgium,https://epistat.wiv-isp.be/covid/
2021-01-24,251970,250787,1581,0,"Moderna, Pfizer/BioNTech",Belgium,https://epistat.wiv-isp.be/covid/
2021-01-25,263447,262238,1630,0,"Moderna, Pfizer/BioNTech",Belgium,https://epistat.wiv-isp.be/covid/
2021-01-26,276436,273445,3433,0,"Moderna, Pfizer/BioNTech",Belgium,https://epistat.wiv-isp.be/covid/
2021-01-27,293309,286854,6936,0,"Moderna, Pfizer/BioNTech",Belgium,https://epistat.wiv-isp.be/covid/
2021-01-28,317373,302970,14915,0,"Moderna, Pfizer/BioNTech",Belgium,https://epistat.wiv-isp.be/covid/
2021-01-29,339197,315575,24168,0,"Moderna, Pfizer/BioNTech",Belgium,https://epistat.wiv-isp.be/covid/
2021-01-30,343786,317235,27109,0,"Moderna, Pfizer/BioNTech",Belgium,https://epistat.wiv-isp.be/covid/
2021-01-31,344790,317883,27465,0,"Moderna, Pfizer/BioNTech",Belgium,https://epistat.wiv-isp.be/covid/
2021-02-01,352814,321916,31472,0,"Moderna, Pfizer/BioNTech",Belgium,https://epistat.wiv-isp.be/covid/
2021-02-02,377650,332243,46010,0,"Moderna, Pfizer/BioNTech",Belgium,https://epistat.wiv-isp.be/covid/
2021-02-03,408823,342557,66892,0,"Moderna, Pfizer/BioNTech",Belgium,https://epistat.wiv-isp.be/covid/
2021-02-04,443468,352663,91454,0,"Moderna, Pfizer/BioNTech",Belgium,https://epistat.wiv-isp.be/covid/
2021-02-05,474776,360849,114614,0,"Moderna, Pfizer/BioNTech",Belgium,https://epistat.wiv-isp.be/covid/
2021-02-06,481383,362105,119979,0,"Moderna, Pfizer/BioNTech",Belgium,https://epistat.wiv-isp.be/covid/
2021-02-07,484834,362447,123089,0,"Moderna, Pfizer/BioNTech",Belgium,https://epistat.wiv-isp.be/covid/
2021-02-08,495188,364857,131053,0,"Moderna, Pfizer/BioNTech",Belgium,https://epistat.wiv-isp.be/covid/
2021-02-09,523410,373132,151023,0,"Moderna, Pfizer/BioNTech",Belgium,https://epistat.wiv-isp.be/covid/
2021-02-10,549344,379766,170352,0,"Moderna, Pfizer/BioNTech",Belgium,https://epistat.wiv-isp.be/covid/
2021-02-11,586281,388167,198904,0,"Moderna, Pfizer/BioNTech",Belgium,https://epistat.wiv-isp.be/covid/
2021-02-12,621546,395031,227344,0,"Moderna, Oxford/AstraZeneca, Pfizer/BioNTech",Belgium,https://epistat.wiv-isp.be/covid/
2021-02-13,630381,395671,235555,0,"Moderna, Oxford/AstraZeneca, Pfizer/BioNTech",Belgium,https://epistat.wiv-isp.be/covid/
2021-02-14,632421,395815,237453,0,"Moderna, Oxford/AstraZeneca, Pfizer/BioNTech",Belgium,https://epistat.wiv-isp.be/covid/
2021-02-15,646403,397972,249295,0,"Moderna, Oxford/AstraZeneca, Pfizer/BioNTech",Belgium,https://epistat.wiv-isp.be/covid/
2021-02-16,661574,402451,260004,0,"Moderna, Oxford/AstraZeneca, Pfizer/BioNTech",Belgium,https://epistat.wiv-isp.be/covid/
2021-02-17,681877,409794,272984,0,"Moderna, Oxford/AstraZeneca, Pfizer/BioNTech",Belgium,https://epistat.wiv-isp.be/covid/
2021-02-18,710074,420521,290461,0,"Moderna, Oxford/AstraZeneca, Pfizer/BioNTech",Belgium,https://epistat.wiv-isp.be/covid/
2021-02-19,741636,438675,303892,0,"Moderna, Oxford/AstraZeneca, Pfizer/BioNTech",Belgium,https://epistat.wiv-isp.be/covid/
2021-02-20,747757,443173,305529,0,"Moderna, Oxford/AstraZeneca, Pfizer/BioNTech",Belgium,https://epistat.wiv-isp.be/covid/
2021-02-21,750024,445137,305833,0,"Moderna, Oxford/AstraZeneca, Pfizer/BioNTech",Belgium,https://epistat.wiv-isp.be/covid/
2021-02-22,762969,455072,308847,0,"Moderna, Oxford/AstraZeneca, Pfizer/BioNTech",Belgium,https://epistat.wiv-isp.be/covid/
2021-02-23,783396,467161,317201,0,"Moderna, Oxford/AstraZeneca, Pfizer/BioNTech",Belgium,https://epistat.wiv-isp.be/covid/
2021-02-24,806911,482182,325714,0,"Moderna, Oxford/AstraZeneca, Pfizer/BioNTech",Belgium,https://epistat.wiv-isp.be/covid/
2021-02-25,839217,505111,335100,0,"Moderna, Oxford/AstraZeneca, Pfizer/BioNTech",Belgium,https://epistat.wiv-isp.be/covid/
2021-02-26,871697,530524,342198,0,"Moderna, Oxford/AstraZeneca, Pfizer/BioNTech",Belgium,https://epistat.wiv-isp.be/covid/
2021-02-27,876251,534219,343072,0,"Moderna, Oxford/AstraZeneca, Pfizer/BioNTech",Belgium,https://epistat.wiv-isp.be/covid/
2021-02-28,877161,534850,343351,0,"Moderna, Oxford/AstraZeneca, Pfizer/BioNTech",Belgium,https://epistat.wiv-isp.be/covid/
2021-03-01,891021,545888,346185,0,"Moderna, Oxford/AstraZeneca, Pfizer/BioNTech",Belgium,https://epistat.wiv-isp.be/covid/
2021-03-02,915064,562957,353178,0,"Moderna, Oxford/AstraZeneca, Pfizer/BioNTech",Belgium,https://epistat.wiv-isp.be/covid/
2021-03-03,945685,587308,359472,0,"Moderna, Oxford/AstraZeneca, Pfizer/BioNTech",Belgium,https://epistat.wiv-isp.be/covid/
2021-03-04,996123,628728,368505,0,"Moderna, Oxford/AstraZeneca, Pfizer/BioNTech",Belgium,https://epistat.wiv-isp.be/covid/
2021-03-05,1041630,667335,375422,0,"Moderna, Oxford/AstraZeneca, Pfizer/BioNTech",Belgium,https://epistat.wiv-isp.be/covid/
2021-03-06,1050103,675133,376116,0,"Moderna, Oxford/AstraZeneca, Pfizer/BioNTech",Belgium,https://epistat.wiv-isp.be/covid/
2021-03-07,1051702,676521,376327,0,"Moderna, Oxford/AstraZeneca, Pfizer/BioNTech",Belgium,https://epistat.wiv-isp.be/covid/
2021-03-08,1069347,692103,378404,0,"Moderna, Oxford/AstraZeneca, Pfizer/BioNTech",Belgium,https://epistat.wiv-isp.be/covid/
2021-03-09,1098681,713895,385968,0,"Moderna, Oxford/AstraZeneca, Pfizer/BioNTech",Belgium,https://epistat.wiv-isp.be/covid/
2021-03-10,1135216,741122,395309,0,"Moderna, Oxford/AstraZeneca, Pfizer/BioNTech",Belgium,https://epistat.wiv-isp.be/covid/
2021-03-11,1189962,785610,405584,0,"Moderna, Oxford/AstraZeneca, Pfizer/BioNTech",Belgium,https://epistat.wiv-isp.be/covid/
2021-03-12,1235530,817281,419515,0,"Moderna, Oxford/AstraZeneca, Pfizer/BioNTech",Belgium,https://epistat.wiv-isp.be/covid/
2021-03-13,1245633,825120,421791,0,"Moderna, Oxford/AstraZeneca, Pfizer/BioNTech",Belgium,https://epistat.wiv-isp.be/covid/
2021-03-14,1247224,825387,423117,0,"Moderna, Oxford/AstraZeneca, Pfizer/BioNTech",Belgium,https://epistat.wiv-isp.be/covid/
2021-03-15,1278337,851718,427902,0,"Moderna, Oxford/AstraZeneca, Pfizer/BioNTech",Belgium,https://epistat.wiv-isp.be/covid/
2021-03-16,1325518,894525,432287,0,"Moderna, Oxford/AstraZeneca, Pfizer/BioNTech",Belgium,https://epistat.wiv-isp.be/covid/
2021-03-17,1373571,933639,441231,0,"Moderna, Oxford/AstraZeneca, Pfizer/BioNTech",Belgium,https://epistat.wiv-isp.be/covid/
2021-03-18,1449388,992560,458132,0,"Moderna, Oxford/AstraZeneca, Pfizer/BioNTech",Belgium,https://epistat.wiv-isp.be/covid/
2021-03-19,1517759,1041810,477260,0,"Moderna, Oxford/AstraZeneca, Pfizer/BioNTech",Belgium,https://epistat.wiv-isp.be/covid/
2021-03-20,1540314,1062941,478693,0,"Moderna, Oxford/AstraZeneca, Pfizer/BioNTech",Belgium,https://epistat.wiv-isp.be/covid/
2021-03-21,1541404,1063482,479247,0,"Moderna, Oxford/AstraZeneca, Pfizer/BioNTech",Belgium,https://epistat.wiv-isp.be/covid/
2021-03-22,1574627,1091205,484749,0,"Moderna, Oxford/AstraZeneca, Pfizer/BioNTech",Belgium,https://epistat.wiv-isp.be/covid/
2021-03-23,1623095,1133744,490681,0,"Moderna, Oxford/AstraZeneca, Pfizer/BioNTech",Belgium,https://epistat.wiv-isp.be/covid/
2021-03-24,1685365,1185228,501475,0,"Moderna, Oxford/AstraZeneca, Pfizer/BioNTech",Belgium,https://epistat.wiv-isp.be/covid/
2021-03-25,1765210,1244730,521824,0,"Moderna, Oxford/AstraZeneca, Pfizer/BioNTech",Belgium,https://epistat.wiv-isp.be/covid/
2021-03-26,1835938,1295495,541794,0,"Moderna, Oxford/AstraZeneca, Pfizer/BioNTech",Belgium,https://epistat.wiv-isp.be/covid/
2021-03-27,1858720,1314417,545663,0,"Moderna, Oxford/AstraZeneca, Pfizer/BioNTech",Belgium,https://epistat.wiv-isp.be/covid/
2021-03-28,1861315,1316017,546660,0,"Moderna, Oxford/AstraZeneca, Pfizer/BioNTech",Belgium,https://epistat.wiv-isp.be/covid/
2021-03-29,1885415,1334725,552055,0,"Moderna, Oxford/AstraZeneca, Pfizer/BioNTech",Belgium,https://epistat.wiv-isp.be/covid/
2021-03-30,1918058,1361481,557949,0,"Moderna, Oxford/AstraZeneca, Pfizer/BioNTech",Belgium,https://epistat.wiv-isp.be/covid/
2021-03-31,2003490,1435400,569475,0,"Moderna, Oxford/AstraZeneca, Pfizer/BioNTech",Belgium,https://epistat.wiv-isp.be/covid/
2021-04-01,2105934,1512743,594623,0,"Moderna, Oxford/AstraZeneca, Pfizer/BioNTech",Belgium,https://epistat.wiv-isp.be/covid/
2021-04-02,2189210,1577216,613904,0,"Moderna, Oxford/AstraZeneca, Pfizer/BioNTech",Belgium,https://epistat.wiv-isp.be/covid/
2021-04-03,2210378,1596934,615405,0,"Moderna, Oxford/AstraZeneca, Pfizer/BioNTech",Belgium,https://epistat.wiv-isp.be/covid/
2021-04-04,2210695,1597114,615557,0,"Moderna, Oxford/AstraZeneca, Pfizer/BioNTech",Belgium,https://epistat.wiv-isp.be/covid/
2021-04-05,2225663,1609515,618157,0,"Moderna, Oxford/AstraZeneca, Pfizer/BioNTech",Belgium,https://epistat.wiv-isp.be/covid/
2021-04-06,2273037,1647575,627549,0,"Moderna, Oxford/AstraZeneca, Pfizer/BioNTech",Belgium,https://epistat.wiv-isp.be/covid/
2021-04-07,2321414,1686024,637615,0,"Moderna, Oxford/AstraZeneca, Pfizer/BioNTech",Belgium,https://epistat.wiv-isp.be/covid/
2021-04-08,2449309,1796877,654723,0,"Moderna, Oxford/AstraZeneca, Pfizer/BioNTech",Belgium,https://epistat.wiv-isp.be/covid/
2021-04-09,2585262,1916768,670912,0,"Moderna, Oxford/AstraZeneca, Pfizer/BioNTech",Belgium,https://epistat.wiv-isp.be/covid/
2021-04-10,2654390,1981738,675143,0,"Moderna, Oxford/AstraZeneca, Pfizer/BioNTech",Belgium,https://epistat.wiv-isp.be/covid/
2021-04-11,2658537,1985470,675576,0,"Moderna, Oxford/AstraZeneca, Pfizer/BioNTech",Belgium,https://epistat.wiv-isp.be/covid/
2021-04-12,2707761,2025518,684813,0,"Moderna, Oxford/AstraZeneca, Pfizer/BioNTech",Belgium,https://epistat.wiv-isp.be/covid/
2021-04-13,2780768,2090006,693416,0,"Moderna, Oxford/AstraZeneca, Pfizer/BioNTech",Belgium,https://epistat.wiv-isp.be/covid/
2021-04-14,2882082,2166482,718260,0,"Moderna, Oxford/AstraZeneca, Pfizer/BioNTech",Belgium,https://epistat.wiv-isp.be/covid/
2021-04-15,2994408,2251949,745122,0,"Moderna, Oxford/AstraZeneca, Pfizer/BioNTech",Belgium,https://epistat.wiv-isp.be/covid/
2021-04-16,3088954,2328965,762655,0,"Moderna, Oxford/AstraZeneca, Pfizer/BioNTech",Belgium,https://epistat.wiv-isp.be/covid/
2021-04-17,3147374,2381485,768556,0,"Moderna, Oxford/AstraZeneca, Pfizer/BioNTech",Belgium,https://epistat.wiv-isp.be/covid/
2021-04-18,3153623,2387573,768717,0,"Moderna, Oxford/AstraZeneca, Pfizer/BioNTech",Belgium,https://epistat.wiv-isp.be/covid/
2021-04-19,3215203,2444588,773284,0,"Moderna, Oxford/AstraZeneca, Pfizer/BioNTech",Belgium,https://epistat.wiv-isp.be/covid/
2021-04-20,3265973,2491953,776692,0,"Moderna, Oxford/AstraZeneca, Pfizer/BioNTech",Belgium,https://epistat.wiv-isp.be/covid/
2021-04-21,3358547,2579741,781482,0,"Moderna, Oxford/AstraZeneca, Pfizer/BioNTech",Belgium,https://epistat.wiv-isp.be/covid/
2021-04-22,3455645,2670584,787741,0,"Moderna, Oxford/AstraZeneca, Pfizer/BioNTech",Belgium,https://epistat.wiv-isp.be/covid/
2021-04-23,3528274,2735797,795160,0,"Moderna, Oxford/AstraZeneca, Pfizer/BioNTech",Belgium,https://epistat.wiv-isp.be/covid/
2021-04-24,3574959,2780565,797099,0,"Moderna, Oxford/AstraZeneca, Pfizer/BioNTech",Belgium,https://epistat.wiv-isp.be/covid/
2021-04-25,3581477,2786984,797201,0,"Moderna, Oxford/AstraZeneca, Pfizer/BioNTech",Belgium,https://epistat.wiv-isp.be/covid/
2021-04-26,3645335,2843645,804406,0,"Moderna, Oxford/AstraZeneca, Pfizer/BioNTech",Belgium,https://epistat.wiv-isp.be/covid/
2021-04-27,3698937,2882384,819301,0,"Moderna, Oxford/AstraZeneca, Pfizer/BioNTech",Belgium,https://epistat.wiv-isp.be/covid/
2021-04-28,3794189,2962217,834846,0,"Johnson&Johnson, Moderna, Oxford/AstraZeneca, Pfizer/BioNTech",Belgium,https://epistat.wiv-isp.be/covid/
2021-04-29,3901229,3050489,855031,0,"Johnson&Johnson, Moderna, Oxford/AstraZeneca, Pfizer/BioNTech",Belgium,https://epistat.wiv-isp.be/covid/
2021-04-30,3984138,3111355,878086,0,"Johnson&Johnson, Moderna, Oxford/AstraZeneca, Pfizer/BioNTech",Belgium,https://epistat.wiv-isp.be/covid/
2021-05-01,4031843,3151380,886297,0,"Johnson&Johnson, Moderna, Oxford/AstraZeneca, Pfizer/BioNTech",Belgium,https://epistat.wiv-isp.be/covid/
2021-05-02,4035722,3155051,886536,0,"Johnson&Johnson, Moderna, Oxford/AstraZeneca, Pfizer/BioNTech",Belgium,https://epistat.wiv-isp.be/covid/
2021-05-03,4115128,3221816,901844,0,"Johnson&Johnson, Moderna, Oxford/AstraZeneca, Pfizer/BioNTech",Belgium,https://epistat.wiv-isp.be/covid/
2021-05-04,4199057,3289729,921209,0,"Johnson&Johnson, Moderna, Oxford/AstraZeneca, Pfizer/BioNTech",Belgium,https://epistat.wiv-isp.be/covid/
2021-05-05,4354746,3374526,995889,0,"Johnson&Johnson, Moderna, Oxford/AstraZeneca, Pfizer/BioNTech",Belgium,https://epistat.wiv-isp.be/covid/
2021-05-06,4517397,3463504,1074555,0,"Johnson&Johnson, Moderna, Oxford/AstraZeneca, Pfizer/BioNTech",Belgium,https://epistat.wiv-isp.be/covid/
2021-05-07,4673832,3564801,1134315,0,"Johnson&Johnson, Moderna, Oxford/AstraZeneca, Pfizer/BioNTech",Belgium,https://epistat.wiv-isp.be/covid/
2021-05-08,4764748,3645876,1145919,0,"Johnson&Johnson, Moderna, Oxford/AstraZeneca, Pfizer/BioNTech",Belgium,https://epistat.wiv-isp.be/covid/
2021-05-09,4772991,3653927,1146161,0,"Johnson&Johnson, Moderna, Oxford/AstraZeneca, Pfizer/BioNTech",Belgium,https://epistat.wiv-isp.be/covid/
2021-05-10,4857270,3733362,1152437,0,"Johnson&Johnson, Moderna, Oxford/AstraZeneca, Pfizer/BioNTech",Belgium,https://epistat.wiv-isp.be/covid/
2021-05-11,4926744,3792604,1163965,0,"Johnson&Johnson, Moderna, Oxford/AstraZeneca, Pfizer/BioNTech",Belgium,https://epistat.wiv-isp.be/covid/
2021-05-12,5020658,3858040,1193794,0,"Johnson&Johnson, Moderna, Oxford/AstraZeneca, Pfizer/BioNTech",Belgium,https://epistat.wiv-isp.be/covid/
2021-05-13,5140249,3896889,1274920,0,"Johnson&Johnson, Moderna, Oxford/AstraZeneca, Pfizer/BioNTech",Belgium,https://epistat.wiv-isp.be/covid/
2021-05-14,5286445,3939503,1379639,0,"Johnson&Johnson, Moderna, Oxford/AstraZeneca, Pfizer/BioNTech",Belgium,https://epistat.wiv-isp.be/covid/
2021-05-15,5374953,3972633,1435353,0,"Johnson&Johnson, Moderna, Oxford/AstraZeneca, Pfizer/BioNTech",Belgium,https://epistat.wiv-isp.be/covid/
2021-05-16,5381297,3975072,1439301,0,"Johnson&Johnson, Moderna, Oxford/AstraZeneca, Pfizer/BioNTech",Belgium,https://epistat.wiv-isp.be/covid/
2021-05-17,5490784,4061898,1465572,0,"Johnson&Johnson, Moderna, Oxford/AstraZeneca, Pfizer/BioNTech",Belgium,https://epistat.wiv-isp.be/covid/
2021-05-18,5624830,4164927,1499730,0,"Johnson&Johnson, Moderna, Oxford/AstraZeneca, Pfizer/BioNTech",Belgium,https://epistat.wiv-isp.be/covid/
2021-05-19,5767093,4243580,1567597,0,"Johnson&Johnson, Moderna, Oxford/AstraZeneca, Pfizer/BioNTech",Belgium,https://epistat.wiv-isp.be/covid/
2021-05-20,5914885,4313306,1651095,0,"Johnson&Johnson, Moderna, Oxford/AstraZeneca, Pfizer/BioNTech",Belgium,https://epistat.wiv-isp.be/covid/
2021-05-21,6044110,4383815,1713626,0,"Johnson&Johnson, Moderna, Oxford/AstraZeneca, Pfizer/BioNTech",Belgium,https://epistat.wiv-isp.be/covid/
2021-05-22,6133710,4428475,1759173,0,"Johnson&Johnson, Moderna, Oxford/AstraZeneca, Pfizer/BioNTech",Belgium,https://epistat.wiv-isp.be/covid/
2021-05-23,6143607,4435519,1762088,0,"Johnson&Johnson, Moderna, Oxford/AstraZeneca, Pfizer/BioNTech",Belgium,https://epistat.wiv-isp.be/covid/
2021-05-24,6206150,4462318,1798881,0,"Johnson&Johnson, Moderna, Oxford/AstraZeneca, Pfizer/BioNTech",Belgium,https://epistat.wiv-isp.be/covid/
2021-05-25,6306853,4522446,1846482,0,"Johnson&Johnson, Moderna, Oxford/AstraZeneca, Pfizer/BioNTech",Belgium,https://epistat.wiv-isp.be/covid/
2021-05-26,6430330,4558674,1938805,0,"Johnson&Johnson, Moderna, Oxford/AstraZeneca, Pfizer/BioNTech",Belgium,https://epistat.wiv-isp.be/covid/
2021-05-27,6571103,4600339,2042324,0,"Johnson&Johnson, Moderna, Oxford/AstraZeneca, Pfizer/BioNTech",Belgium,https://epistat.wiv-isp.be/covid/
2021-05-28,6684281,4639675,2120050,0,"Johnson&Johnson, Moderna, Oxford/AstraZeneca, Pfizer/BioNTech",Belgium,https://epistat.wiv-isp.be/covid/
2021-05-29,6775883,4683086,2170721,0,"Johnson&Johnson, Moderna, Oxford/AstraZeneca, Pfizer/BioNTech",Belgium,https://epistat.wiv-isp.be/covid/
2021-05-30,6787674,4687682,2178068,0,"Johnson&Johnson, Moderna, Oxford/AstraZeneca, Pfizer/BioNTech",Belgium,https://epistat.wiv-isp.be/covid/
2021-05-31,6908715,4753918,2236198,0,"Johnson&Johnson, Moderna, Oxford/AstraZeneca, Pfizer/BioNTech",Belgium,https://epistat.wiv-isp.be/covid/
2021-06-01,7012714,4818524,2284575,0,"Johnson&Johnson, Moderna, Oxford/AstraZeneca, Pfizer/BioNTech",Belgium,https://epistat.wiv-isp.be/covid/
2021-06-02,7181810,4899858,2375491,0,"Johnson&Johnson, Moderna, Oxford/AstraZeneca, Pfizer/BioNTech",Belgium,https://epistat.wiv-isp.be/covid/
2021-06-03,7369676,4993169,2473401,0,"Johnson&Johnson, Moderna, Oxford/AstraZeneca, Pfizer/BioNTech",Belgium,https://epistat.wiv-isp.be/covid/
2021-06-04,7523600,5075465,2547801,0,"Johnson&Johnson, Moderna, Oxford/AstraZeneca, Pfizer/BioNTech",Belgium,https://epistat.wiv-isp.be/covid/
2021-06-05,7663230,5164986,2599841,0,"Johnson&Johnson, Moderna, Oxford/AstraZeneca, Pfizer/BioNTech",Belgium,https://epistat.wiv-isp.be/covid/
2021-06-06,7694789,5191037,2605897,0,"Johnson&Johnson, Moderna, Oxford/AstraZeneca, Pfizer/BioNTech",Belgium,https://epistat.wiv-isp.be/covid/
2021-06-07,7864156,5290992,2683863,0,"Johnson&Johnson, Moderna, Oxford/AstraZeneca, Pfizer/BioNTech",Belgium,https://epistat.wiv-isp.be/covid/
2021-06-08,8013837,5375389,2765355,0,"Johnson&Johnson, Moderna, Oxford/AstraZeneca, Pfizer/BioNTech",Belgium,https://epistat.wiv-isp.be/covid/
2021-06-09,8211410,5469061,2875689,0,"Johnson&Johnson, Moderna, Oxford/AstraZeneca, Pfizer/BioNTech",Belgium,https://epistat.wiv-isp.be/covid/
2021-06-10,8407375,5550878,2994435,0,"Johnson&Johnson, Moderna, Oxford/AstraZeneca, Pfizer/BioNTech",Belgium,https://epistat.wiv-isp.be/covid/
2021-06-11,8604037,5640232,3105214,0,"Johnson&Johnson, Moderna, Oxford/AstraZeneca, Pfizer/BioNTech",Belgium,https://epistat.wiv-isp.be/covid/
2021-06-12,8747823,5719077,3177025,0,"Johnson&Johnson, Moderna, Oxford/AstraZeneca, Pfizer/BioNTech",Belgium,https://epistat.wiv-isp.be/covid/
2021-06-13,8772111,5735017,3185813,0,"Johnson&Johnson, Moderna, Oxford/AstraZeneca, Pfizer/BioNTech",Belgium,https://epistat.wiv-isp.be/covid/
2021-06-14,8926841,5813806,3275174,0,"Johnson&Johnson, Moderna, Oxford/AstraZeneca, Pfizer/BioNTech",Belgium,https://epistat.wiv-isp.be/covid/
2021-06-15,9078693,5908198,3359088,0,"Johnson&Johnson, Moderna, Oxford/AstraZeneca, Pfizer/BioNTech",Belgium,https://epistat.wiv-isp.be/covid/
2021-06-16,9263188,6029754,3438512,0,"Johnson&Johnson, Moderna, Oxford/AstraZeneca, Pfizer/BioNTech",Belgium,https://epistat.wiv-isp.be/covid/
2021-06-17,9453099,6167717,3495323,0,"Johnson&Johnson, Moderna, Oxford/AstraZeneca, Pfizer/BioNTech",Belgium,https://epistat.wiv-isp.be/covid/
2021-06-18,9646835,6306608,3555729,0,"Johnson&Johnson, Moderna, Oxford/AstraZeneca, Pfizer/BioNTech",Belgium,https://epistat.wiv-isp.be/covid/
2021-06-19,9773328,6403321,3587993,0,"Johnson&Johnson, Moderna, Oxford/AstraZeneca, Pfizer/BioNTech",Belgium,https://epistat.wiv-isp.be/covid/
2021-06-20,9805883,6434350,3589999,0,"Johnson&Johnson, Moderna, Oxford/AstraZeneca, Pfizer/BioNTech",Belgium,https://epistat.wiv-isp.be/covid/
2021-06-21,9925138,6517628,3629034,0,"Johnson&Johnson, Moderna, Oxford/AstraZeneca, Pfizer/BioNTech",Belgium,https://epistat.wiv-isp.be/covid/
2021-06-22,10034322,6579549,3685466,0,"Johnson&Johnson, Moderna, Oxford/AstraZeneca, Pfizer/BioNTech",Belgium,https://epistat.wiv-isp.be/covid/
2021-06-23,10219207,6703028,3750249,0,"Johnson&Johnson, Moderna, Oxford/AstraZeneca, Pfizer/BioNTech",Belgium,https://epistat.wiv-isp.be/covid/
2021-06-24,10401607,6829519,3811817,0,"Johnson&Johnson, Moderna, Oxford/AstraZeneca, Pfizer/BioNTech",Belgium,https://epistat.wiv-isp.be/covid/
2021-06-25,10567177,6947774,3864337,0,"Johnson&Johnson, Moderna, Oxford/AstraZeneca, Pfizer/BioNTech",Belgium,https://epistat.wiv-isp.be/covid/
2021-06-26,10682932,7018840,3914757,0,"Johnson&Johnson, Moderna, Oxford/AstraZeneca, Pfizer/BioNTech",Belgium,https://epistat.wiv-isp.be/covid/
2021-06-27,10718021,7047560,3921876,0,"Johnson&Johnson, Moderna, Oxford/AstraZeneca, Pfizer/BioNTech",Belgium,https://epistat.wiv-isp.be/covid/
2021-06-28,10839128,7116664,3977800,0,"Johnson&Johnson, Moderna, Oxford/AstraZeneca, Pfizer/BioNTech",Belgium,https://epistat.wiv-isp.be/covid/
2021-06-29,10961283,7175090,4047500,0,"Johnson&Johnson, Moderna, Oxford/AstraZeneca, Pfizer/BioNTech",Belgium,https://epistat.wiv-isp.be/covid/
2021-06-30,11087162,7260582,4094722,0,"Johnson&Johnson, Moderna, Oxford/AstraZeneca, Pfizer/BioNTech",Belgium,https://epistat.wiv-isp.be/covid/
2021-07-01,11224684,7352896,4144237,0,"Johnson&Johnson, Moderna, Oxford/AstraZeneca, Pfizer/BioNTech",Belgium,https://epistat.wiv-isp.be/covid/
2021-07-02,11339637,7429730,4186201,0,"Johnson&Johnson, Moderna, Oxford/AstraZeneca, Pfizer/BioNTech",Belgium,https://epistat.wiv-isp.be/covid/
2021-07-03,11429053,7467459,4238827,0,"Johnson&Johnson, Moderna, Oxford/AstraZeneca, Pfizer/BioNTech",Belgium,https://epistat.wiv-isp.be/covid/
2021-07-04,11443662,7475100,4245867,0,"Johnson&Johnson, Moderna, Oxford/AstraZeneca, Pfizer/BioNTech",Belgium,https://epistat.wiv-isp.be/covid/
2021-07-05,11564724,7499905,4345457,0,"Johnson&Johnson, Moderna, Oxford/AstraZeneca, Pfizer/BioNTech",Belgium,https://epistat.wiv-isp.be/covid/
2021-07-06,11681016,7522894,4441105,0,"Johnson&Johnson, Moderna, Oxford/AstraZeneca, Pfizer/BioNTech",Belgium,https://epistat.wiv-isp.be/covid/
2021-07-07,11841470,7562042,4565532,0,"Johnson&Johnson, Moderna, Oxford/AstraZeneca, Pfizer/BioNTech",Belgium,https://epistat.wiv-isp.be/covid/
2021-07-08,12007569,7599380,4697845,0,"Johnson&Johnson, Moderna, Oxford/AstraZeneca, Pfizer/BioNTech",Belgium,https://epistat.wiv-isp.be/covid/
2021-07-09,12156146,7635394,4812553,0,"Johnson&Johnson, Moderna, Oxford/AstraZeneca, Pfizer/BioNTech",Belgium,https://epistat.wiv-isp.be/covid/
2021-07-10,12286122,7655198,4924109,0,"Johnson&Johnson, Moderna, Oxford/AstraZeneca, Pfizer/BioNTech",Belgium,https://epistat.wiv-isp.be/covid/
2021-07-11,12317478,7659607,4951328,0,"Johnson&Johnson, Moderna, Oxford/AstraZeneca, Pfizer/BioNTech",Belgium,https://epistat.wiv-isp.be/covid/
2021-07-12,12464292,7685490,5074983,0,"Johnson&Johnson, Moderna, Oxford/AstraZeneca, Pfizer/BioNTech",Belgium,https://epistat.wiv-isp.be/covid/
2021-07-13,12582345,7713417,5169529,0,"Johnson&Johnson, Moderna, Oxford/AstraZeneca, Pfizer/BioNTech",Belgium,https://epistat.wiv-isp.be/covid/
2021-07-14,12730509,7748737,5285678,0,"Johnson&Johnson, Moderna, Oxford/AstraZeneca, Pfizer/BioNTech",Belgium,https://epistat.wiv-isp.be/covid/
2021-07-15,12866719,7780754,5393206,0,"Johnson&Johnson, Moderna, Oxford/AstraZeneca, Pfizer/BioNTech",Belgium,https://epistat.wiv-isp.be/covid/
2021-07-16,13005279,7811279,5504500,0,"Johnson&Johnson, Moderna, Oxford/AstraZeneca, Pfizer/BioNTech",Belgium,https://epistat.wiv-isp.be/covid/
2021-07-17,13107783,7830206,5589746,0,"Johnson&Johnson, Moderna, Oxford/AstraZeneca, Pfizer/BioNTech",Belgium,https://epistat.wiv-isp.be/covid/
2021-07-18,13122863,7833673,5601900,0,"Johnson&Johnson, Moderna, Oxford/AstraZeneca, Pfizer/BioNTech",Belgium,https://epistat.wiv-isp.be/covid/
2021-07-19,13252331,7854189,5712473,0,"Johnson&Johnson, Moderna, Oxford/AstraZeneca, Pfizer/BioNTech",Belgium,https://epistat.wiv-isp.be/covid/
2021-07-20,13374881,7880662,5810629,0,"Johnson&Johnson, Moderna, Oxford/AstraZeneca, Pfizer/BioNTech",Belgium,https://epistat.wiv-isp.be/covid/
2021-07-21,13475882,7894720,5899017,0,"Johnson&Johnson, Moderna, Oxford/AstraZeneca, Pfizer/BioNTech",Belgium,https://epistat.wiv-isp.be/covid/
2021-07-22,13661481,7922747,6058495,0,"Johnson&Johnson, Moderna, Oxford/AstraZeneca, Pfizer/BioNTech",Belgium,https://epistat.wiv-isp.be/covid/
2021-07-23,13825299,7947736,6199979,0,"Johnson&Johnson, Moderna, Oxford/AstraZeneca, Pfizer/BioNTech",Belgium,https://epistat.wiv-isp.be/covid/
2021-07-24,13923417,7964032,6282926,0,"Johnson&Johnson, Moderna, Oxford/AstraZeneca, Pfizer/BioNTech",Belgium,https://epistat.wiv-isp.be/covid/
2021-07-25,13937606,7965698,6295760,0,"Johnson&Johnson, Moderna, Oxford/AstraZeneca, Pfizer/BioNTech",Belgium,https://epistat.wiv-isp.be/covid/
2021-07-26,14056341,7987377,6394763,0,"Johnson&Johnson, Moderna, Oxford/AstraZeneca, Pfizer/BioNTech",Belgium,https://epistat.wiv-isp.be/covid/
2021-07-27,14167681,8010073,6485622,0,"Johnson&Johnson, Moderna, Oxford/AstraZeneca, Pfizer/BioNTech",Belgium,https://epistat.wiv-isp.be/covid/
2021-07-28,14326396,8038633,6617092,0,"Johnson&Johnson, Moderna, Oxford/AstraZeneca, Pfizer/BioNTech",Belgium,https://epistat.wiv-isp.be/covid/
2021-07-29,14474671,8063134,6742195,0,"Johnson&Johnson, Moderna, Oxford/AstraZeneca, Pfizer/BioNTech",Belgium,https://epistat.wiv-isp.be/covid/
2021-07-30,14617713,8089358,6860597,0,"Johnson&Johnson, Moderna, Oxford/AstraZeneca, Pfizer/BioNTech",Belgium,https://epistat.wiv-isp.be/covid/
2021-07-31,14704020,8105775,6931660,0,"Johnson&Johnson, Moderna, Oxford/AstraZeneca, Pfizer/BioNTech",Belgium,https://epistat.wiv-isp.be/covid/
2021-08-01,14716413,8108029,6941886,0,"Johnson&Johnson, Moderna, Oxford/AstraZeneca, Pfizer/BioNTech",Belgium,https://epistat.wiv-isp.be/covid/
2021-08-02,14823259,8127829,7029970,0,"Johnson&Johnson, Moderna, Oxford/AstraZeneca, Pfizer/BioNTech",Belgium,https://epistat.wiv-isp.be/covid/
2021-08-03,14916954,8151015,7102434,0,"Johnson&Johnson, Moderna, Oxford/AstraZeneca, Pfizer/BioNTech",Belgium,https://epistat.wiv-isp.be/covid/
2021-08-04,15034842,8183041,7189846,0,"Johnson&Johnson, Moderna, Oxford/AstraZeneca, Pfizer/BioNTech",Belgium,https://epistat.wiv-isp.be/covid/
2021-08-05,15150848,8208875,7281703,0,"Johnson&Johnson, Moderna, Oxford/AstraZeneca, Pfizer/BioNTech",Belgium,https://epistat.wiv-isp.be/covid/
2021-08-06,15263207,8234886,7369832,0,"Johnson&Johnson, Moderna, Oxford/AstraZeneca, Pfizer/BioNTech",Belgium,https://epistat.wiv-isp.be/covid/
2021-08-07,15322750,8256905,7408731,0,"Johnson&Johnson, Moderna, Oxford/AstraZeneca, Pfizer/BioNTech",Belgium,https://epistat.wiv-isp.be/covid/
2021-08-08,15329494,8258434,7414126,0,"Johnson&Johnson, Moderna, Oxford/AstraZeneca, Pfizer/BioNTech",Belgium,https://epistat.wiv-isp.be/covid/
2021-08-09,15400295,8277582,7467216,0,"Johnson&Johnson, Moderna, Oxford/AstraZeneca, Pfizer/BioNTech",Belgium,https://epistat.wiv-isp.be/covid/
2021-08-10,15480730,8293747,7533375,0,"Johnson&Johnson, Moderna, Oxford/AstraZeneca, Pfizer/BioNTech",Belgium,https://epistat.wiv-isp.be/covid/
2021-08-11,15558115,8310237,7595631,0,"Johnson&Johnson, Moderna, Oxford/AstraZeneca, Pfizer/BioNTech",Belgium,https://epistat.wiv-isp.be/covid/
2021-08-12,15634671,8327359,7656412,0,"Johnson&Johnson, Moderna, Oxford/AstraZeneca, Pfizer/BioNTech",Belgium,https://epistat.wiv-isp.be/covid/
2021-08-13,15696220,8341569,7704577,0,"Johnson&Johnson, Moderna, Oxford/AstraZeneca, Pfizer/BioNTech",Belgium,https://epistat.wiv-isp.be/covid/
2021-08-14,15723917,8348371,7726151,0,"Johnson&Johnson, Moderna, Oxford/AstraZeneca, Pfizer/BioNTech",Belgium,https://epistat.wiv-isp.be/covid/
2021-08-15,15725947,8348656,7727923,0,"Johnson&Johnson, Moderna, Oxford/AstraZeneca, Pfizer/BioNTech",Belgium,https://epistat.wiv-isp.be/covid/
2021-08-16,15765835,8356827,7760763,0,"Johnson&Johnson, Moderna, Oxford/AstraZeneca, Pfizer/BioNTech",Belgium,https://epistat.wiv-isp.be/covid/
2021-08-17,15812086,8369243,7796256,0,"Johnson&Johnson, Moderna, Oxford/AstraZeneca, Pfizer/BioNTech",Belgium,https://epistat.wiv-isp.be/covid/
2021-08-18,15864146,8380735,7837899,0,"Johnson&Johnson, Moderna, Oxford/AstraZeneca, Pfizer/BioNTech",Belgium,https://epistat.wiv-isp.be/covid/
2021-08-19,15913386,8390453,7878379,0,"Johnson&Johnson, Moderna, Oxford/AstraZeneca, Pfizer/BioNTech",Belgium,https://epistat.wiv-isp.be/covid/
2021-08-20,15956366,8399823,7912956,0,"Johnson&Johnson, Moderna, Oxford/AstraZeneca, Pfizer/BioNTech",Belgium,https://epistat.wiv-isp.be/covid/
2021-08-21,15981171,8406561,7931587,0,"Johnson&Johnson, Moderna, Oxford/AstraZeneca, Pfizer/BioNTech",Belgium,https://epistat.wiv-isp.be/covid/
2021-08-22,15984297,8406793,7934492,0,"Johnson&Johnson, Moderna, Oxford/AstraZeneca, Pfizer/BioNTech",Belgium,https://epistat.wiv-isp.be/covid/
2021-08-23,16025368,8415495,7967785,0,"Johnson&Johnson, Moderna, Oxford/AstraZeneca, Pfizer/BioNTech",Belgium,https://epistat.wiv-isp.be/covid/
2021-08-24,16065311,8423885,8000986,0,"Johnson&Johnson, Moderna, Oxford/AstraZeneca, Pfizer/BioNTech",Belgium,https://epistat.wiv-isp.be/covid/
2021-08-25,16109001,8433870,8035827,0,"Johnson&Johnson, Moderna, Oxford/AstraZeneca, Pfizer/BioNTech",Belgium,https://epistat.wiv-isp.be/covid/
2021-08-26,16158043,8444221,8075395,0,"Johnson&Johnson, Moderna, Oxford/AstraZeneca, Pfizer/BioNTech",Belgium,https://epistat.wiv-isp.be/covid/
2021-08-27,16197727,8451593,8108536,0,"Johnson&Johnson, Moderna, Oxford/AstraZeneca, Pfizer/BioNTech",Belgium,https://epistat.wiv-isp.be/covid/
2021-08-28,16232535,8458854,8136589,0,"Johnson&Johnson, Moderna, Oxford/AstraZeneca, Pfizer/BioNTech",Belgium,https://epistat.wiv-isp.be/covid/
2021-08-29,16233961,8458937,8137941,0,"Johnson&Johnson, Moderna, Oxford/AstraZeneca, Pfizer/BioNTech",Belgium,https://epistat.wiv-isp.be/covid/
2021-08-30,16266472,8465518,8164590,0,"Johnson&Johnson, Moderna, Oxford/AstraZeneca, Pfizer/BioNTech",Belgium,https://epistat.wiv-isp.be/covid/
2021-08-31,16305966,8476820,8194345,0,"Johnson&Johnson, Moderna, Oxford/AstraZeneca, Pfizer/BioNTech",Belgium,https://epistat.wiv-isp.be/covid/
2021-09-01,16327471,8483565,8210055,0,"Johnson&Johnson, Moderna, Oxford/AstraZeneca, Pfizer/BioNTech",Belgium,https://epistat.wiv-isp.be/covid/
2021-09-02,16344704,8489939,8221729,0,"Johnson&Johnson, Moderna, Oxford/AstraZeneca, Pfizer/BioNTech",Belgium,https://epistat.wiv-isp.be/covid/
2021-09-03,16369729,8497972,8239744,0,"Johnson&Johnson, Moderna, Oxford/AstraZeneca, Pfizer/BioNTech",Belgium,https://epistat.wiv-isp.be/covid/
2021-09-04,16400109,8508776,8260330,0,"Johnson&Johnson, Moderna, Oxford/AstraZeneca, Pfizer/BioNTech",Belgium,https://epistat.wiv-isp.be/covid/
2021-09-05,16401540,8509862,8260754,0,"Johnson&Johnson, Moderna, Oxford/AstraZeneca, Pfizer/BioNTech",Belgium,https://epistat.wiv-isp.be/covid/
2021-09-06,16407976,8512669,8264781,0,"Johnson&Johnson, Moderna, Oxford/AstraZeneca, Pfizer/BioNTech",Belgium,https://epistat.wiv-isp.be/covid/
2021-09-07,16417966,8516565,8271467,0,"Johnson&Johnson, Moderna, Oxford/AstraZeneca, Pfizer/BioNTech",Belgium,https://epistat.wiv-isp.be/covid/
2021-09-08,16444660,8527453,8288393,0,"Johnson&Johnson, Moderna, Oxford/AstraZeneca, Pfizer/BioNTech",Belgium,https://epistat.wiv-isp.be/covid/
2021-09-09,16456016,8531569,8296308,181,"Johnson&Johnson, Moderna, Oxford/AstraZeneca, Pfizer/BioNTech",Belgium,https://epistat.wiv-isp.be/covid/
2021-09-10,16474493,8539403,8307781,366,"Johnson&Johnson, Moderna, Oxford/AstraZeneca, Pfizer/BioNTech",Belgium,https://epistat.wiv-isp.be/covid/
2021-09-11,16497199,8548400,8322462,447,"Johnson&Johnson, Moderna, Oxford/AstraZeneca, Pfizer/BioNTech",Belgium,https://epistat.wiv-isp.be/covid/
2021-09-12,16498618,8549050,8323283,455,"Johnson&Johnson, Moderna, Oxford/AstraZeneca, Pfizer/BioNTech",Belgium,https://epistat.wiv-isp.be/covid/
2021-09-13,16507296,8552018,8329410,858,"Johnson&Johnson, Moderna, Oxford/AstraZeneca, Pfizer/BioNTech",Belgium,https://epistat.wiv-isp.be/covid/
2021-09-14,16512417,8554113,8332755,1198,"Johnson&Johnson, Moderna, Oxford/AstraZeneca, Pfizer/BioNTech",Belgium,https://epistat.wiv-isp.be/covid/
2021-09-15,16530164,8560828,8343868,2264,"Johnson&Johnson, Moderna, Oxford/AstraZeneca, Pfizer/BioNTech",Belgium,https://epistat.wiv-isp.be/covid/
2021-09-16,16544518,8565727,8353087,4258,"Johnson&Johnson, Moderna, Oxford/AstraZeneca, Pfizer/BioNTech",Belgium,https://epistat.wiv-isp.be/covid/
2021-09-17,16566684,8573088,8363519,9744,"Johnson&Johnson, Moderna, Oxford/AstraZeneca, Pfizer/BioNTech",Belgium,https://epistat.wiv-isp.be/covid/
2021-09-18,16594545,8580920,8377718,16715,"Johnson&Johnson, Moderna, Oxford/AstraZeneca, Pfizer/BioNTech",Belgium,https://epistat.wiv-isp.be/covid/
2021-09-19,16595022,8581256,8377943,16758,"Johnson&Johnson, Moderna, Oxford/AstraZeneca, Pfizer/BioNTech",Belgium,https://epistat.wiv-isp.be/covid/
2021-09-20,16603732,8584309,8381549,19348,"Johnson&Johnson, Moderna, Oxford/AstraZeneca, Pfizer/BioNTech",Belgium,https://epistat.wiv-isp.be/covid/
2021-09-21,16619928,8589194,8388298,25059,"Johnson&Johnson, Moderna, Oxford/AstraZeneca, Pfizer/BioNTech",Belgium,https://epistat.wiv-isp.be/covid/
2021-09-22,16650580,8596285,8399739,38394,"Johnson&Johnson, Moderna, Oxford/AstraZeneca, Pfizer/BioNTech",Belgium,https://epistat.wiv-isp.be/covid/
2021-09-23,16670817,8601006,8407160,47820,"Johnson&Johnson, Moderna, Oxford/AstraZeneca, Pfizer/BioNTech",Belgium,https://epistat.wiv-isp.be/covid/
2021-09-24,16697326,8608124,8415924,59512,"Johnson&Johnson, Moderna, Oxford/AstraZeneca, Pfizer/BioNTech",Belgium,https://epistat.wiv-isp.be/covid/
2021-09-25,16737742,8616754,8433954,74697,"Johnson&Johnson, Moderna, Oxford/AstraZeneca, Pfizer/BioNTech",Belgium,https://epistat.wiv-isp.be/covid/
2021-09-26,16739023,8617407,8434840,74772,"Johnson&Johnson, Moderna, Oxford/AstraZeneca, Pfizer/BioNTech",Belgium,https://epistat.wiv-isp.be/covid/
2021-09-27,16753614,8620153,8438998,83084,"Johnson&Johnson, Moderna, Oxford/AstraZeneca, Pfizer/BioNTech",Belgium,https://epistat.wiv-isp.be/covid/
2021-09-28,16776853,8624590,8444487,97498,"Johnson&Johnson, Moderna, Oxford/AstraZeneca, Pfizer/BioNTech",Belgium,https://epistat.wiv-isp.be/covid/
2021-09-29,16820993,8631998,8458945,120899,"Johnson&Johnson, Moderna, Oxford/AstraZeneca, Pfizer/BioNTech",Belgium,https://epistat.wiv-isp.be/covid/
2021-09-30,16850334,8636687,8466134,139210,"Johnson&Johnson, Moderna, Oxford/AstraZeneca, Pfizer/BioNTech",Belgium,https://epistat.wiv-isp.be/covid/
2021-10-01,16879744,8643841,8474088,154364,"Johnson&Johnson, Moderna, Oxford/AstraZeneca, Pfizer/BioNTech",Belgium,https://epistat.wiv-isp.be/covid/
2021-10-02,16909164,8650354,8484329,167646,"Johnson&Johnson, Moderna, Oxford/AstraZeneca, Pfizer/BioNTech",Belgium,https://epistat.wiv-isp.be/covid/
2021-10-03,16910312,8650650,8484765,168084,"Johnson&Johnson, Moderna, Oxford/AstraZeneca, Pfizer/BioNTech",Belgium,https://epistat.wiv-isp.be/covid/
2021-10-04,16924480,8653164,8487745,177193,"Johnson&Johnson, Moderna, Oxford/AstraZeneca, Pfizer/BioNTech",Belgium,https://epistat.wiv-isp.be/covid/
2021-10-05,16944132,8656974,8490338,190913,"Johnson&Johnson, Moderna, Oxford/AstraZeneca, Pfizer/BioNTech",Belgium,https://epistat.wiv-isp.be/covid/
2021-10-06,16985893,8662028,8496713,221778,"Johnson&Johnson, Moderna, Oxford/AstraZeneca, Pfizer/BioNTech",Belgium,https://epistat.wiv-isp.be/covid/
2021-10-07,17032262,8666221,8501101,260302,"Johnson&Johnson, Moderna, Oxford/AstraZeneca, Pfizer/BioNTech",Belgium,https://epistat.wiv-isp.be/covid/
2021-10-08,17072115,8670805,8508476,288960,"Johnson&Johnson, Moderna, Oxford/AstraZeneca, Pfizer/BioNTech",Belgium,https://epistat.wiv-isp.be/covid/
2021-10-09,17100454,8675854,8517955,303908,"Johnson&Johnson, Moderna, Oxford/AstraZeneca, Pfizer/BioNTech",Belgium,https://epistat.wiv-isp.be/covid/
2021-10-10,17101628,8676079,8518132,304697,"Johnson&Johnson, Moderna, Oxford/AstraZeneca, Pfizer/BioNTech",Belgium,https://epistat.wiv-isp.be/covid/
2021-10-11,17121814,8678667,8521295,319505,"Johnson&Johnson, Moderna, Oxford/AstraZeneca, Pfizer/BioNTech",Belgium,https://epistat.wiv-isp.be/covid/
2021-10-12,17157304,8682419,8525559,347551,"Johnson&Johnson, Moderna, Oxford/AstraZeneca, Pfizer/BioNTech",Belgium,https://epistat.wiv-isp.be/covid/
2021-10-13,17201171,8686904,8533115,380176,"Johnson&Johnson, Moderna, Oxford/AstraZeneca, Pfizer/BioNTech",Belgium,https://epistat.wiv-isp.be/covid/
2021-10-14,17241577,8691537,8537273,412509,"Johnson&Johnson, Moderna, Oxford/AstraZeneca, Pfizer/BioNTech",Belgium,https://epistat.wiv-isp.be/covid/
2021-10-15,17275230,8696277,8545577,434142,"Johnson&Johnson, Moderna, Oxford/AstraZeneca, Pfizer/BioNTech",Belgium,https://epistat.wiv-isp.be/covid/
2021-10-16,17296923,8700599,8553083,444674,"Johnson&Johnson, Moderna, Oxford/AstraZeneca, Pfizer/BioNTech",Belgium,https://epistat.wiv-isp.be/covid/
2021-10-17,17298114,8700921,8553228,445408,"Johnson&Johnson, Moderna, Oxford/AstraZeneca, Pfizer/BioNTech",Belgium,https://epistat.wiv-isp.be/covid/
2021-10-18,17310097,8703696,8555736,452605,"Johnson&Johnson, Moderna, Oxford/AstraZeneca, Pfizer/BioNTech",Belgium,https://epistat.wiv-isp.be/covid/
2021-10-19,17333201,8707217,8558739,469786,"Johnson&Johnson, Moderna, Oxford/AstraZeneca, Pfizer/BioNTech",Belgium,https://epistat.wiv-isp.be/covid/
2021-10-20,17366034,8712478,8563879,492939,"Johnson&Johnson, Moderna, Oxford/AstraZeneca, Pfizer/BioNTech",Belgium,https://epistat.wiv-isp.be/covid/
2021-10-21,17401451,8716849,8567740,520858,"Johnson&Johnson, Moderna, Oxford/AstraZeneca, Pfizer/BioNTech",Belgium,https://epistat.wiv-isp.be/covid/
2021-10-22,17432269,8720780,8575712,540502,"Johnson&Johnson, Moderna, Oxford/AstraZeneca, Pfizer/BioNTech",Belgium,https://epistat.wiv-isp.be/covid/
2021-10-23,17450590,8724706,8582734,548450,"Johnson&Johnson, Moderna, Oxford/AstraZeneca, Pfizer/BioNTech",Belgium,https://epistat.wiv-isp.be/covid/
2021-10-24,17451095,8724950,8582844,548613,"Johnson&Johnson, Moderna, Oxford/AstraZeneca, Pfizer/BioNTech",Belgium,https://epistat.wiv-isp.be/covid/
2021-10-25,17467454,8728069,8585952,559287,"Johnson&Johnson, Moderna, Oxford/AstraZeneca, Pfizer/BioNTech",Belgium,https://epistat.wiv-isp.be/covid/
2021-10-26,17497740,8732511,8590477,581266,"Johnson&Johnson, Moderna, Oxford/AstraZeneca, Pfizer/BioNTech",Belgium,https://epistat.wiv-isp.be/covid/
2021-10-27,17534803,8738870,8597021,606147,"Johnson&Johnson, Moderna, Oxford/AstraZeneca, Pfizer/BioNTech",Belgium,https://epistat.wiv-isp.be/covid/
2021-10-28,17572840,8744247,8602106,634591,"Johnson&Johnson, Moderna, Oxford/AstraZeneca, Pfizer/BioNTech",Belgium,https://epistat.wiv-isp.be/covid/
2021-10-29,17603644,8749408,8608420,655006,"Johnson&Johnson, Moderna, Oxford/AstraZeneca, Pfizer/BioNTech",Belgium,https://epistat.wiv-isp.be/covid/
2021-10-30,17620768,8753761,8614339,662465,"Johnson&Johnson, Moderna, Oxford/AstraZeneca, Pfizer/BioNTech",Belgium,https://epistat.wiv-isp.be/covid/
2021-10-31,17621027,8753861,8614402,662568,"Johnson&Johnson, Moderna, Oxford/AstraZeneca, Pfizer/BioNTech",Belgium,https://epistat.wiv-isp.be/covid/
2021-11-01,17622370,8754371,8614712,663252,"Johnson&Johnson, Moderna, Oxford/AstraZeneca, Pfizer/BioNTech",Belgium,https://epistat.wiv-isp.be/covid/
2021-11-02,17641822,8759012,8618748,674630,"Johnson&Johnson, Moderna, Oxford/AstraZeneca, Pfizer/BioNTech",Belgium,https://epistat.wiv-isp.be/covid/
2021-11-03,17673224,8765312,8623745,695693,"Johnson&Johnson, Moderna, Oxford/AstraZeneca, Pfizer/BioNTech",Belgium,https://epistat.wiv-isp.be/covid/
2021-11-04,17703941,8770953,8628010,717255,"Johnson&Johnson, Moderna, Oxford/AstraZeneca, Pfizer/BioNTech",Belgium,https://epistat.wiv-isp.be/covid/
2021-11-05,17732454,8775969,8633279,736654,"Johnson&Johnson, Moderna, Oxford/AstraZeneca, Pfizer/BioNTech",Belgium,https://epistat.wiv-isp.be/covid/
2021-11-06,17751366,8779886,8637439,748128,"Johnson&Johnson, Moderna, Oxford/AstraZeneca, Pfizer/BioNTech",Belgium,https://epistat.wiv-isp.be/covid/
2021-11-07,17753354,8780281,8637841,749393,"Johnson&Johnson, Moderna, Oxford/AstraZeneca, Pfizer/BioNTech",Belgium,https://epistat.wiv-isp.be/covid/
2021-11-08,17774126,8783173,8640708,764944,"Johnson&Johnson, Moderna, Oxford/AstraZeneca, Pfizer/BioNTech",Belgium,https://epistat.wiv-isp.be/covid/
2021-11-09,17806097,8787985,8645778,787664,"Johnson&Johnson, Moderna, Oxford/AstraZeneca, Pfizer/BioNTech",Belgium,https://epistat.wiv-isp.be/covid/
2021-11-10,17853286,8795119,8652582,822066,"Johnson&Johnson, Moderna, Oxford/AstraZeneca, Pfizer/BioNTech",Belgium,https://epistat.wiv-isp.be/covid/
2021-11-11,17860046,8796258,8653501,826896,"Johnson&Johnson, Moderna, Oxford/AstraZeneca, Pfizer/BioNTech",Belgium,https://epistat.wiv-isp.be/covid/
2021-11-12,17891839,8800720,8658107,850324,"Johnson&Johnson, Moderna, Oxford/AstraZeneca, Pfizer/BioNTech",Belgium,https://epistat.wiv-isp.be/covid/
2021-11-13,17913395,8804784,8662413,864131,"Johnson&Johnson, Moderna, Oxford/AstraZeneca, Pfizer/BioNTech",Belgium,https://epistat.wiv-isp.be/covid/
2021-11-14,17913951,8804948,8662527,864414,"Johnson&Johnson, Moderna, Oxford/AstraZeneca, Pfizer/BioNTech",Belgium,https://epistat.wiv-isp.be/covid/
2021-11-15,17944743,8807925,8665780,889331,"Johnson&Johnson, Moderna, Oxford/AstraZeneca, Pfizer/BioNTech",Belgium,https://epistat.wiv-isp.be/covid/
2021-11-16,17997100,8812796,8671230,931846,"Johnson&Johnson, Moderna, Oxford/AstraZeneca, Pfizer/BioNTech",Belgium,https://epistat.wiv-isp.be/covid/
2021-11-17,18073956,8820478,8678084,994515,"Johnson&Johnson, Moderna, Oxford/AstraZeneca, Pfizer/BioNTech",Belgium,https://epistat.wiv-isp.be/covid/
2021-11-18,18142621,8825481,8682897,1053739,"Johnson&Johnson, Moderna, Oxford/AstraZeneca, Pfizer/BioNTech",Belgium,https://epistat.wiv-isp.be/covid/
2021-11-19,18204725,8830132,8687731,1106824,"Johnson&Johnson, Moderna, Oxford/AstraZeneca, Pfizer/BioNTech",Belgium,https://epistat.wiv-isp.be/covid/
2021-11-20,18236347,8834233,8692135,1130269,"Johnson&Johnson, Moderna, Oxford/AstraZeneca, Pfizer/BioNTech",Belgium,https://epistat.wiv-isp.be/covid/
2021-11-21,18237464,8834375,8692274,1131109,"Johnson&Johnson, Moderna, Oxford/AstraZeneca, Pfizer/BioNTech",Belgium,https://epistat.wiv-isp.be/covid/
2021-11-22,18286604,8837511,8694409,1175309,"Johnson&Johnson, Moderna, Oxford/AstraZeneca, Pfizer/BioNTech",Belgium,https://epistat.wiv-isp.be/covid/
2021-11-23,18374544,8841792,8699070,1254682,"Johnson&Johnson, Moderna, Oxford/AstraZeneca, Pfizer/BioNTech",Belgium,https://epistat.wiv-isp.be/covid/
2021-11-24,18480600,8849136,8705486,1347359,"Johnson&Johnson, Moderna, Oxford/AstraZeneca, Pfizer/BioNTech",Belgium,https://epistat.wiv-isp.be/covid/
2021-11-25,18602368,8853446,8709974,1460622,"Johnson&Johnson, Moderna, Oxford/AstraZeneca, Pfizer/BioNTech",Belgium,https://epistat.wiv-isp.be/covid/
2021-11-26,18701441,8856875,8714153,1552421,"Johnson&Johnson, Moderna, Oxford/AstraZeneca, Pfizer/BioNTech",Belgium,https://epistat.wiv-isp.be/covid/
2021-11-27,18741789,8859920,8718953,1585186,"Johnson&Johnson, Moderna, Oxford/AstraZeneca, Pfizer/BioNTech",Belgium,https://epistat.wiv-isp.be/covid/
2021-11-28,18745107,8860105,8719200,1588075,"Johnson&Johnson, Moderna, Oxford/AstraZeneca, Pfizer/BioNTech",Belgium,https://epistat.wiv-isp.be/covid/
2021-11-29,18824678,8862043,8721864,1663269,"Johnson&Johnson, Moderna, Oxford/AstraZeneca, Pfizer/BioNTech",Belgium,https://epistat.wiv-isp.be/covid/
2021-11-30,18931882,8865352,8725487,1763731,"Johnson&Johnson, Moderna, Oxford/AstraZeneca, Pfizer/BioNTech",Belgium,https://epistat.wiv-isp.be/covid/
2021-12-01,19056345,8870599,8732268,1876324,"Johnson&Johnson, Moderna, Oxford/AstraZeneca, Pfizer/BioNTech",Belgium,https://epistat.wiv-isp.be/covid/
2021-12-02,19181733,8873171,8735108,1996454,"Johnson&Johnson, Moderna, Oxford/AstraZeneca, Pfizer/BioNTech",Belgium,https://epistat.wiv-isp.be/covid/
2021-12-03,19296770,8875948,8738620,2105367,"Johnson&Johnson, Moderna, Oxford/AstraZeneca, Pfizer/BioNTech",Belgium,https://epistat.wiv-isp.be/covid/
2021-12-04,19350682,8877944,8742846,2153287,"Johnson&Johnson, Moderna, Oxford/AstraZeneca, Pfizer/BioNTech",Belgium,https://epistat.wiv-isp.be/covid/
2021-12-05,19354993,8878094,8743001,2157362,"Johnson&Johnson, Moderna, Oxford/AstraZeneca, Pfizer/BioNTech",Belgium,https://epistat.wiv-isp.be/covid/
2021-12-06,19438887,8879615,8745214,2237639,"Johnson&Johnson, Moderna, Oxford/AstraZeneca, Pfizer/BioNTech",Belgium,https://epistat.wiv-isp.be/covid/
2021-12-07,19553356,8881787,8749265,2346009,"Johnson&Johnson, Moderna, Oxford/AstraZeneca, Pfizer/BioNTech",Belgium,https://epistat.wiv-isp.be/covid/
2021-12-08,19674774,8885134,8755841,2457636,"Johnson&Johnson, Moderna, Oxford/AstraZeneca, Pfizer/BioNTech",Belgium,https://epistat.wiv-isp.be/covid/
2021-12-09,19809682,8887390,8759575,2586661,"Johnson&Johnson, Moderna, Oxford/AstraZeneca, Pfizer/BioNTech",Belgium,https://epistat.wiv-isp.be/covid/
2021-12-10,19926945,8889877,8763459,2697755,"Johnson&Johnson, Moderna, Oxford/AstraZeneca, Pfizer/BioNTech",Belgium,https://epistat.wiv-isp.be/covid/
2021-12-11,19990556,8891984,8766920,2755924,"Johnson&Johnson, Moderna, Oxford/AstraZeneca, Pfizer/BioNTech",Belgium,https://epistat.wiv-isp.be/covid/
2021-12-12,19996255,8892126,8767310,2761127,"Johnson&Johnson, Moderna, Oxford/AstraZeneca, Pfizer/BioNTech",Belgium,https://epistat.wiv-isp.be/covid/
2021-12-13,20101658,8893977,8770304,2861799,"Johnson&Johnson, Moderna, Oxford/AstraZeneca, Pfizer/BioNTech",Belgium,https://epistat.wiv-isp.be/covid/
2021-12-14,20232035,8895977,8773716,2986930,"Johnson&Johnson, Moderna, Oxford/AstraZeneca, Pfizer/BioNTech",Belgium,https://epistat.wiv-isp.be/covid/
2021-12-15,20361602,8899328,8779892,3107177,"Johnson&Johnson, Moderna, Oxford/AstraZeneca, Pfizer/BioNTech",Belgium,https://epistat.wiv-isp.be/covid/
2021-12-16,20501285,8901788,8783664,3240785,"Johnson&Johnson, Moderna, Oxford/AstraZeneca, Pfizer/BioNTech",Belgium,https://epistat.wiv-isp.be/covid/
2021-12-17,20638778,8905024,8787470,3371431,"Johnson&Johnson, Moderna, Oxford/AstraZeneca, Pfizer/BioNTech",Belgium,https://epistat.wiv-isp.be/covid/
2021-12-18,20713932,8907070,8790708,3441402,"Johnson&Johnson, Moderna, Oxford/AstraZeneca, Pfizer/BioNTech",Belgium,https://epistat.wiv-isp.be/covid/
2021-12-19,20728714,8907342,8791011,3455656,"Johnson&Johnson, Moderna, Oxford/AstraZeneca, Pfizer/BioNTech",Belgium,https://epistat.wiv-isp.be/covid/
2021-12-20,20872795,8909124,8793606,3595459,"Johnson&Johnson, Moderna, Oxford/AstraZeneca, Pfizer/BioNTech",Belgium,https://epistat.wiv-isp.be/covid/
2021-12-21,21053424,8912012,8797485,3769410,"Johnson&Johnson, Moderna, Oxford/AstraZeneca, Pfizer/BioNTech",Belgium,https://epistat.wiv-isp.be/covid/
2021-12-22,21224725,8915930,8804833,3929549,"Johnson&Johnson, Moderna, Oxford/AstraZeneca, Pfizer/BioNTech",Belgium,https://epistat.wiv-isp.be/covid/
2021-12-23,21361095,8918535,8808886,4059341,"Johnson&Johnson, Moderna, Oxford/AstraZeneca, Pfizer/BioNTech",Belgium,https://epistat.wiv-isp.be/covid/
2021-12-24,21375159,8918955,8809321,4072570,"Johnson&Johnson, Moderna, Oxford/AstraZeneca, Pfizer/BioNTech",Belgium,https://epistat.wiv-isp.be/covid/
2021-12-25,21375242,8918965,8809332,4072634,"Johnson&Johnson, Moderna, Oxford/AstraZeneca, Pfizer/BioNTech",Belgium,https://epistat.wiv-isp.be/covid/
2021-12-26,21376710,8918976,8809342,4074086,"Johnson&Johnson, Moderna, Oxford/AstraZeneca, Pfizer/BioNTech",Belgium,https://epistat.wiv-isp.be/covid/
2021-12-27,21451218,8920300,8811076,4145591,"Johnson&Johnson, Moderna, Oxford/AstraZeneca, Pfizer/BioNTech",Belgium,https://epistat.wiv-isp.be/covid/
2021-12-28,21542658,8921980,8812670,4233841,"Johnson&Johnson, Moderna, Oxford/AstraZeneca, Pfizer/BioNTech",Belgium,https://epistat.wiv-isp.be/covid/
2021-12-29,21636401,8923929,8814694,4323675,"Johnson&Johnson, Moderna, Oxford/AstraZeneca, Pfizer/BioNTech",Belgium,https://epistat.wiv-isp.be/covid/
2021-12-30,21691224,8925335,8815905,4375935,"Johnson&Johnson, Moderna, Oxford/AstraZeneca, Pfizer/BioNTech",Belgium,https://epistat.wiv-isp.be/covid/
2021-12-31,21696419,8925675,8816120,4380587,"Johnson&Johnson, Moderna, Oxford/AstraZeneca, Pfizer/BioNTech",Belgium,https://epistat.wiv-isp.be/covid/
2022-01-01,21696477,8925678,8816125,4380637,"Johnson&Johnson, Moderna, Oxford/AstraZeneca, Pfizer/BioNTech",Belgium,https://epistat.wiv-isp.be/covid/
2022-01-02,21696568,8925690,8816131,4380712,"Johnson&Johnson, Moderna, Oxford/AstraZeneca, Pfizer/BioNTech",Belgium,https://epistat.wiv-isp.be/covid/
2022-01-03,21822102,8927505,8818213,4502395,"Johnson&Johnson, Moderna, Oxford/AstraZeneca, Pfizer/BioNTech",Belgium,https://epistat.wiv-isp.be/covid/
2022-01-04,21969747,8929654,8820465,4645681,"Johnson&Johnson, Moderna, Oxford/AstraZeneca, Pfizer/BioNTech",Belgium,https://epistat.wiv-isp.be/covid/
2022-01-05,22134344,8933489,8825207,4801748,"Johnson&Johnson, Moderna, Oxford/AstraZeneca, Pfizer/BioNTech",Belgium,https://epistat.wiv-isp.be/covid/
2022-01-06,22296552,8936354,8827484,4958874,"Johnson&Johnson, Moderna, Oxford/AstraZeneca, Pfizer/BioNTech",Belgium,https://epistat.wiv-isp.be/covid/
2022-01-07,22454717,8939350,8829594,5112023,"Johnson&Johnson, Moderna, Oxford/AstraZeneca, Pfizer/BioNTech",Belgium,https://epistat.wiv-isp.be/covid/
2022-01-08,22547689,8948791,8831782,5193395,"Johnson&Johnson, Moderna, Oxford/AstraZeneca, Pfizer/BioNTech",Belgium,https://epistat.wiv-isp.be/covid/
2022-01-09,22577353,8955636,8832008,5215994,"Johnson&Johnson, Moderna, Oxford/AstraZeneca, Pfizer/BioNTech",Belgium,https://epistat.wiv-isp.be/covid/
2022-01-10,22702815,8957138,8833580,5338433,"Johnson&Johnson, Moderna, Oxford/AstraZeneca, Pfizer/BioNTech",Belgium,https://epistat.wiv-isp.be/covid/
2022-01-11,22849610,8959784,8836235,5479970,"Johnson&Johnson, Moderna, Oxford/AstraZeneca, Pfizer/BioNTech",Belgium,https://epistat.wiv-isp.be/covid/
2022-01-12,22991390,8975843,8841912,5600091,"Johnson&Johnson, Moderna, Oxford/AstraZeneca, Pfizer/BioNTech",Belgium,https://epistat.wiv-isp.be/covid/
2022-01-13,23127704,8978598,8843806,5731801,"Johnson&Johnson, Moderna, Oxford/AstraZeneca, Pfizer/BioNTech",Belgium,https://epistat.wiv-isp.be/covid/
2022-01-14,23252229,8982292,8845424,5851049,"Johnson&Johnson, Moderna, Oxford/AstraZeneca, Pfizer/BioNTech",Belgium,https://epistat.wiv-isp.be/covid/
2022-01-15,23339708,9013053,8846702,5906509,"Johnson&Johnson, Moderna, Oxford/AstraZeneca, Pfizer/BioNTech",Belgium,https://epistat.wiv-isp.be/covid/
2022-01-16,23361921,9022900,8846812,5918765,"Johnson&Johnson, Moderna, Oxford/AstraZeneca, Pfizer/BioNTech",Belgium,https://epistat.wiv-isp.be/covid/
2022-01-17,23449397,9025743,8847930,6002290,"Johnson&Johnson, Moderna, Oxford/AstraZeneca, Pfizer/BioNTech",Belgium,https://epistat.wiv-isp.be/covid/
2022-01-18,23539674,9029377,8849513,6087359,"Johnson&Johnson, Moderna, Oxford/AstraZeneca, Pfizer/BioNTech",Belgium,https://epistat.wiv-isp.be/covid/
2022-01-19,23632611,9054631,8851704,6152906,"Johnson&Johnson, Moderna, Oxford/AstraZeneca, Pfizer/BioNTech",Belgium,https://epistat.wiv-isp.be/covid/
2022-01-20,23710812,9058259,8853056,6226161,"Johnson&Johnson, Moderna, Oxford/AstraZeneca, Pfizer/BioNTech",Belgium,https://epistat.wiv-isp.be/covid/
2022-01-21,23782696,9063387,8854046,6291965,"Johnson&Johnson, Moderna, Oxford/AstraZeneca, Pfizer/BioNTech",Belgium,https://epistat.wiv-isp.be/covid/
2022-01-22,23845287,9094270,8855041,6322698,"Johnson&Johnson, Moderna, Oxford/AstraZeneca, Pfizer/BioNTech",Belgium,https://epistat.wiv-isp.be/covid/
2022-01-23,23855482,9100647,8855088,6326470,"Johnson&Johnson, Moderna, Oxford/AstraZeneca, Pfizer/BioNTech",Belgium,https://epistat.wiv-isp.be/covid/
2022-01-24,23908202,9103200,8856205,6375541,"Johnson&Johnson, Moderna, Oxford/AstraZeneca, Pfizer/BioNTech",Belgium,https://epistat.wiv-isp.be/covid/
2022-01-25,23952363,9106027,8857445,6415659,"Johnson&Johnson, Moderna, Oxford/AstraZeneca, Pfizer/BioNTech",Belgium,https://epistat.wiv-isp.be/covid/
2022-01-26,24013698,9123843,8860662,6456002,"Johnson&Johnson, Moderna, Oxford/AstraZeneca, Pfizer/BioNTech",Belgium,https://epistat.wiv-isp.be/covid/
2022-01-27,24056466,9126614,8862028,6494639,"Johnson&Johnson, Moderna, Oxford/AstraZeneca, Pfizer/BioNTech",Belgium,https://epistat.wiv-isp.be/covid/
2022-01-28,24102130,9129149,8863661,6536161,"Johnson&Johnson, Moderna, Oxford/AstraZeneca, Pfizer/BioNTech",Belgium,https://epistat.wiv-isp.be/covid/
2022-01-29,24148075,9146537,8872824,6555561,"Johnson&Johnson, Moderna, Oxford/AstraZeneca, Pfizer/BioNTech",Belgium,https://epistat.wiv-isp.be/covid/
2022-01-30,24154306,9148926,8874741,6557486,"Johnson&Johnson, Moderna, Oxford/AstraZeneca, Pfizer/BioNTech",Belgium,https://epistat.wiv-isp.be/covid/
2022-01-31,24178428,9150480,8875858,6578945,"Johnson&Johnson, Moderna, Oxford/AstraZeneca, Pfizer/BioNTech",Belgium,https://epistat.wiv-isp.be/covid/
2022-02-01,24209399,9152664,8878092,6605501,"Johnson&Johnson, Moderna, Oxford/AstraZeneca, Pfizer/BioNTech",Belgium,https://epistat.wiv-isp.be/covid/
2022-02-02,24260798,9161941,8889647,6636069,"Johnson&Johnson, Moderna, Oxford/AstraZeneca, Pfizer/BioNTech",Belgium,https://epistat.wiv-isp.be/covid/
2022-02-03,24290176,9164474,8891697,6660874,"Johnson&Johnson, Moderna, Oxford/AstraZeneca, Pfizer/BioNTech",Belgium,https://epistat.wiv-isp.be/covid/
2022-02-04,24321672,9166224,8894458,6687860,"Johnson&Johnson, Moderna, Oxford/AstraZeneca, Pfizer/BioNTech",Belgium,https://epistat.wiv-isp.be/covid/
2022-02-05,24366573,9173933,8918633,6700878,"Johnson&Johnson, Moderna, Oxford/AstraZeneca, Pfizer/BioNTech",Belgium,https://epistat.wiv-isp.be/covid/
2022-02-06,24376049,9175274,8925988,6701660,"Johnson&Johnson, Moderna, Oxford/AstraZeneca, Pfizer/BioNTech",Belgium,https://epistat.wiv-isp.be/covid/
2022-02-07,24389456,9175994,8928198,6712137,"Johnson&Johnson, Moderna, Oxford/AstraZeneca, Pfizer/BioNTech",Belgium,https://epistat.wiv-isp.be/covid/
2022-02-08,24410280,9177128,8931180,6728851,"Johnson&Johnson, Moderna, Oxford/AstraZeneca, Pfizer/BioNTech",Belgium,https://epistat.wiv-isp.be/covid/
2022-02-09,24467933,9182993,8951546,6760276,"Johnson&Johnson, Moderna, Oxford/AstraZeneca, Pfizer/BioNTech",Belgium,https://epistat.wiv-isp.be/covid/
2022-02-10,24499844,9184283,8954707,6787740,"Johnson&Johnson, Moderna, Oxford/AstraZeneca, Pfizer/BioNTech",Belgium,https://epistat.wiv-isp.be/covid/
2022-02-11,24530112,9185654,8959303,6812043,"Johnson&Johnson, Moderna, Oxford/AstraZeneca, Pfizer/BioNTech",Belgium,https://epistat.wiv-isp.be/covid/
2022-02-12,24582574,9191202,8986363,6831898,"Johnson&Johnson, Moderna, Oxford/AstraZeneca, Pfizer/BioNTech",Belgium,https://epistat.wiv-isp.be/covid/
2022-02-13,24593008,9191979,8993214,6834704,"Johnson&Johnson, Moderna, Oxford/AstraZeneca, Pfizer/BioNTech",Belgium,https://epistat.wiv-isp.be/covid/
2022-02-14,24602575,9192471,8995085,6841908,"Johnson&Johnson, Moderna, Oxford/AstraZeneca, Pfizer/BioNTech",Belgium,https://epistat.wiv-isp.be/covid/
2022-02-15,24618110,9193052,8997491,6854457,"Johnson&Johnson, Moderna, Oxford/AstraZeneca, Pfizer/BioNTech",Belgium,https://epistat.wiv-isp.be/covid/
2022-02-16,24657348,9196997,9010943,6876299,"Johnson&Johnson, Moderna, Oxford/AstraZeneca, Pfizer/BioNTech",Belgium,https://epistat.wiv-isp.be/covid/
