date,people_vaccinated,people_fully_vaccinated,total_vaccinations,total_boosters,vaccine,location,source_url
2020-12-27,1287,0,1287,0,Pfizer/BioNTech,Czechia,https://onemocneni-aktualne.mzcr.cz/covid-19
2020-12-28,3591,0,3591,0,Pfizer/BioNTech,Czechia,https://onemocneni-aktualne.mzcr.cz/covid-19
2020-12-29,7062,1,7063,0,Pfizer/BioNTech,Czechia,https://onemocneni-aktualne.mzcr.cz/covid-19
2020-12-30,10582,1,10583,0,Pfizer/BioNTech,Czechia,https://onemocneni-aktualne.mzcr.cz/covid-19
2020-12-31,11893,1,11894,0,Pfizer/BioNTech,Czechia,https://onemocneni-aktualne.mzcr.cz/covid-19
2021-01-01,12163,1,12164,0,"Moderna, Pfizer/BioNTech",Czechia,https://onemocneni-aktualne.mzcr.cz/covid-19
2021-01-02,13445,1,13446,0,"Moderna, Pfizer/BioNTech",Czechia,https://onemocneni-aktualne.mzcr.cz/covid-19
2021-01-03,14371,1,14372,0,"Moderna, Pfizer/BioNTech",Czechia,https://onemocneni-aktualne.mzcr.cz/covid-19
2021-01-04,17985,1,17986,0,"Moderna, Pfizer/BioNTech",Czechia,https://onemocneni-aktualne.mzcr.cz/covid-19
2021-01-05,22512,3,22515,0,"Moderna, Pfizer/BioNTech",Czechia,https://onemocneni-aktualne.mzcr.cz/covid-19
2021-01-06,28360,4,28364,0,"Moderna, Pfizer/BioNTech",Czechia,https://onemocneni-aktualne.mzcr.cz/covid-19
2021-01-07,36361,4,36365,0,"Moderna, Pfizer/BioNTech",Czechia,https://onemocneni-aktualne.mzcr.cz/covid-19
2021-01-08,46416,5,46421,0,"Moderna, Pfizer/BioNTech",Czechia,https://onemocneni-aktualne.mzcr.cz/covid-19
2021-01-09,48444,7,48451,0,"Moderna, Pfizer/BioNTech",Czechia,https://onemocneni-aktualne.mzcr.cz/covid-19
2021-01-10,50215,9,50224,0,"Moderna, Pfizer/BioNTech",Czechia,https://onemocneni-aktualne.mzcr.cz/covid-19
2021-01-11,60076,11,60087,0,"Moderna, Pfizer/BioNTech",Czechia,https://onemocneni-aktualne.mzcr.cz/covid-19
2021-01-12,73534,13,73547,0,"Moderna, Pfizer/BioNTech",Czechia,https://onemocneni-aktualne.mzcr.cz/covid-19
2021-01-13,87084,13,87097,0,"Moderna, Pfizer/BioNTech",Czechia,https://onemocneni-aktualne.mzcr.cz/covid-19
2021-01-14,102342,17,102359,0,"Moderna, Pfizer/BioNTech",Czechia,https://onemocneni-aktualne.mzcr.cz/covid-19
2021-01-15,116365,18,116383,0,"Moderna, Pfizer/BioNTech",Czechia,https://onemocneni-aktualne.mzcr.cz/covid-19
2021-01-16,119769,22,119791,0,"Moderna, Pfizer/BioNTech",Czechia,https://onemocneni-aktualne.mzcr.cz/covid-19
2021-01-17,122390,658,123048,0,"Moderna, Pfizer/BioNTech",Czechia,https://onemocneni-aktualne.mzcr.cz/covid-19
2021-01-18,134885,2485,137370,0,"Moderna, Pfizer/BioNTech",Czechia,https://onemocneni-aktualne.mzcr.cz/covid-19
2021-01-19,147499,5214,152713,0,"Moderna, Pfizer/BioNTech",Czechia,https://onemocneni-aktualne.mzcr.cz/covid-19
2021-01-20,161196,7878,169074,0,"Moderna, Pfizer/BioNTech",Czechia,https://onemocneni-aktualne.mzcr.cz/covid-19
2021-01-21,176853,9620,186473,0,"Moderna, Pfizer/BioNTech",Czechia,https://onemocneni-aktualne.mzcr.cz/covid-19
2021-01-22,191748,10666,202414,0,"Moderna, Pfizer/BioNTech",Czechia,https://onemocneni-aktualne.mzcr.cz/covid-19
2021-01-23,195068,11545,206613,0,"Moderna, Pfizer/BioNTech",Czechia,https://onemocneni-aktualne.mzcr.cz/covid-19
2021-01-24,197324,12415,209739,0,"Moderna, Pfizer/BioNTech",Czechia,https://onemocneni-aktualne.mzcr.cz/covid-19
2021-01-25,206979,15389,222368,0,"Moderna, Pfizer/BioNTech",Czechia,https://onemocneni-aktualne.mzcr.cz/covid-19
2021-01-26,217529,19381,236910,0,"Moderna, Pfizer/BioNTech",Czechia,https://onemocneni-aktualne.mzcr.cz/covid-19
2021-01-27,226562,23917,250479,0,"Moderna, Pfizer/BioNTech",Czechia,https://onemocneni-aktualne.mzcr.cz/covid-19
2021-01-28,233665,30052,263717,0,"Moderna, Pfizer/BioNTech",Czechia,https://onemocneni-aktualne.mzcr.cz/covid-19
2021-01-29,239884,37962,277846,0,"Moderna, Pfizer/BioNTech",Czechia,https://onemocneni-aktualne.mzcr.cz/covid-19
2021-01-30,240625,39050,279675,0,"Moderna, Pfizer/BioNTech",Czechia,https://onemocneni-aktualne.mzcr.cz/covid-19
2021-01-31,241343,40232,281575,0,"Moderna, Pfizer/BioNTech",Czechia,https://onemocneni-aktualne.mzcr.cz/covid-19
2021-02-01,245325,48203,293528,0,"Moderna, Pfizer/BioNTech",Czechia,https://onemocneni-aktualne.mzcr.cz/covid-19
2021-02-02,249479,58443,307922,0,"Moderna, Pfizer/BioNTech",Czechia,https://onemocneni-aktualne.mzcr.cz/covid-19
2021-02-03,253906,69467,323373,0,"Moderna, Pfizer/BioNTech",Czechia,https://onemocneni-aktualne.mzcr.cz/covid-19
2021-02-04,258814,82463,341277,0,"Moderna, Pfizer/BioNTech",Czechia,https://onemocneni-aktualne.mzcr.cz/covid-19
2021-02-05,264288,93140,357428,0,"Moderna, Pfizer/BioNTech",Czechia,https://onemocneni-aktualne.mzcr.cz/covid-19
2021-02-06,265145,95507,360652,0,"Moderna, Oxford/AstraZeneca, Pfizer/BioNTech",Czechia,https://onemocneni-aktualne.mzcr.cz/covid-19
2021-02-07,265997,98007,364004,0,"Moderna, Oxford/AstraZeneca, Pfizer/BioNTech",Czechia,https://onemocneni-aktualne.mzcr.cz/covid-19
2021-02-08,270092,109441,379533,0,"Moderna, Oxford/AstraZeneca, Pfizer/BioNTech",Czechia,https://onemocneni-aktualne.mzcr.cz/covid-19
2021-02-09,275200,121358,396558,0,"Moderna, Oxford/AstraZeneca, Pfizer/BioNTech",Czechia,https://onemocneni-aktualne.mzcr.cz/covid-19
2021-02-10,280716,134621,415337,0,"Moderna, Oxford/AstraZeneca, Pfizer/BioNTech",Czechia,https://onemocneni-aktualne.mzcr.cz/covid-19
2021-02-11,287057,150844,437901,0,"Moderna, Oxford/AstraZeneca, Pfizer/BioNTech",Czechia,https://onemocneni-aktualne.mzcr.cz/covid-19
2021-02-12,293888,165592,459480,0,"Moderna, Oxford/AstraZeneca, Pfizer/BioNTech",Czechia,https://onemocneni-aktualne.mzcr.cz/covid-19
2021-02-13,295503,168581,464084,0,"Moderna, Oxford/AstraZeneca, Pfizer/BioNTech",Czechia,https://onemocneni-aktualne.mzcr.cz/covid-19
2021-02-14,296508,169967,466475,0,"Moderna, Oxford/AstraZeneca, Pfizer/BioNTech",Czechia,https://onemocneni-aktualne.mzcr.cz/covid-19
2021-02-15,302906,179338,482244,0,"Moderna, Oxford/AstraZeneca, Pfizer/BioNTech",Czechia,https://onemocneni-aktualne.mzcr.cz/covid-19
2021-02-16,311628,188422,500050,0,"Moderna, Oxford/AstraZeneca, Pfizer/BioNTech",Czechia,https://onemocneni-aktualne.mzcr.cz/covid-19
2021-02-17,321331,196732,518063,0,"Moderna, Oxford/AstraZeneca, Pfizer/BioNTech",Czechia,https://onemocneni-aktualne.mzcr.cz/covid-19
2021-02-18,333661,204816,538477,0,"Moderna, Oxford/AstraZeneca, Pfizer/BioNTech",Czechia,https://onemocneni-aktualne.mzcr.cz/covid-19
2021-02-19,345527,212196,557723,0,"Moderna, Oxford/AstraZeneca, Pfizer/BioNTech",Czechia,https://onemocneni-aktualne.mzcr.cz/covid-19
2021-02-20,347537,213382,560919,0,"Moderna, Oxford/AstraZeneca, Pfizer/BioNTech",Czechia,https://onemocneni-aktualne.mzcr.cz/covid-19
2021-02-21,348674,214408,563082,0,"Moderna, Oxford/AstraZeneca, Pfizer/BioNTech",Czechia,https://onemocneni-aktualne.mzcr.cz/covid-19
2021-02-22,358801,220446,579247,0,"Moderna, Oxford/AstraZeneca, Pfizer/BioNTech",Czechia,https://onemocneni-aktualne.mzcr.cz/covid-19
2021-02-23,371766,227438,599204,0,"Moderna, Oxford/AstraZeneca, Pfizer/BioNTech",Czechia,https://onemocneni-aktualne.mzcr.cz/covid-19
2021-02-24,385649,233481,619130,0,"Moderna, Oxford/AstraZeneca, Pfizer/BioNTech",Czechia,https://onemocneni-aktualne.mzcr.cz/covid-19
2021-02-25,403633,239033,642666,0,"Moderna, Oxford/AstraZeneca, Pfizer/BioNTech",Czechia,https://onemocneni-aktualne.mzcr.cz/covid-19
2021-02-26,419813,244395,664208,0,"Moderna, Oxford/AstraZeneca, Pfizer/BioNTech",Czechia,https://onemocneni-aktualne.mzcr.cz/covid-19
2021-02-27,422824,244955,667779,0,"Moderna, Oxford/AstraZeneca, Pfizer/BioNTech",Czechia,https://onemocneni-aktualne.mzcr.cz/covid-19
2021-02-28,425182,245507,670689,0,"Moderna, Oxford/AstraZeneca, Pfizer/BioNTech",Czechia,https://onemocneni-aktualne.mzcr.cz/covid-19
2021-03-01,444784,248958,693742,0,"Moderna, Oxford/AstraZeneca, Pfizer/BioNTech",Czechia,https://onemocneni-aktualne.mzcr.cz/covid-19
2021-03-02,472014,252508,724522,0,"Moderna, Oxford/AstraZeneca, Pfizer/BioNTech",Czechia,https://onemocneni-aktualne.mzcr.cz/covid-19
2021-03-03,502975,257019,759994,0,"Moderna, Oxford/AstraZeneca, Pfizer/BioNTech",Czechia,https://onemocneni-aktualne.mzcr.cz/covid-19
2021-03-04,536268,261709,797977,0,"Moderna, Oxford/AstraZeneca, Pfizer/BioNTech",Czechia,https://onemocneni-aktualne.mzcr.cz/covid-19
2021-03-05,565116,267136,832250,0,"Johnson&Johnson, Moderna, Oxford/AstraZeneca, Pfizer/BioNTech",Czechia,https://onemocneni-aktualne.mzcr.cz/covid-19
2021-03-06,577273,268001,845265,0,"Johnson&Johnson, Moderna, Oxford/AstraZeneca, Pfizer/BioNTech",Czechia,https://onemocneni-aktualne.mzcr.cz/covid-19
2021-03-07,588822,268844,857655,0,"Johnson&Johnson, Moderna, Oxford/AstraZeneca, Pfizer/BioNTech",Czechia,https://onemocneni-aktualne.mzcr.cz/covid-19
2021-03-08,618572,273707,892265,0,"Johnson&Johnson, Moderna, Oxford/AstraZeneca, Pfizer/BioNTech",Czechia,https://onemocneni-aktualne.mzcr.cz/covid-19
2021-03-09,654943,280093,935020,0,"Johnson&Johnson, Moderna, Oxford/AstraZeneca, Pfizer/BioNTech",Czechia,https://onemocneni-aktualne.mzcr.cz/covid-19
2021-03-10,696280,287054,983315,0,"Johnson&Johnson, Moderna, Oxford/AstraZeneca, Pfizer/BioNTech",Czechia,https://onemocneni-aktualne.mzcr.cz/covid-19
2021-03-11,741136,295429,1036543,0,"Johnson&Johnson, Moderna, Oxford/AstraZeneca, Pfizer/BioNTech",Czechia,https://onemocneni-aktualne.mzcr.cz/covid-19
2021-03-12,779904,303926,1083806,0,"Johnson&Johnson, Moderna, Oxford/AstraZeneca, Pfizer/BioNTech",Czechia,https://onemocneni-aktualne.mzcr.cz/covid-19
2021-03-13,797013,305241,1102228,0,"Johnson&Johnson, Moderna, Oxford/AstraZeneca, Pfizer/BioNTech",Czechia,https://onemocneni-aktualne.mzcr.cz/covid-19
2021-03-14,809132,306397,1115501,0,"Johnson&Johnson, Moderna, Oxford/AstraZeneca, Pfizer/BioNTech",Czechia,https://onemocneni-aktualne.mzcr.cz/covid-19
2021-03-15,837530,315180,1152681,0,"Johnson&Johnson, Moderna, Oxford/AstraZeneca, Pfizer/BioNTech",Czechia,https://onemocneni-aktualne.mzcr.cz/covid-19
2021-03-16,876426,325718,1202113,0,"Johnson&Johnson, Moderna, Oxford/AstraZeneca, Pfizer/BioNTech",Czechia,https://onemocneni-aktualne.mzcr.cz/covid-19
2021-03-17,913917,336231,1250117,0,"Johnson&Johnson, Moderna, Oxford/AstraZeneca, Pfizer/BioNTech",Czechia,https://onemocneni-aktualne.mzcr.cz/covid-19
2021-03-18,951921,348656,1300540,0,"Johnson&Johnson, Moderna, Oxford/AstraZeneca, Pfizer/BioNTech",Czechia,https://onemocneni-aktualne.mzcr.cz/covid-19
2021-03-19,986438,362270,1348671,0,"Johnson&Johnson, Moderna, Oxford/AstraZeneca, Pfizer/BioNTech",Czechia,https://onemocneni-aktualne.mzcr.cz/covid-19
2021-03-20,1001619,364302,1365876,0,"Johnson&Johnson, Moderna, Oxford/AstraZeneca, Pfizer/BioNTech",Czechia,https://onemocneni-aktualne.mzcr.cz/covid-19
2021-03-21,1009061,365862,1374876,0,"Johnson&Johnson, Moderna, Oxford/AstraZeneca, Pfizer/BioNTech",Czechia,https://onemocneni-aktualne.mzcr.cz/covid-19
2021-03-22,1033639,378366,1411955,0,"Johnson&Johnson, Moderna, Oxford/AstraZeneca, Pfizer/BioNTech",Czechia,https://onemocneni-aktualne.mzcr.cz/covid-19
2021-03-23,1060318,391732,1451996,0,"Johnson&Johnson, Moderna, Oxford/AstraZeneca, Pfizer/BioNTech",Czechia,https://onemocneni-aktualne.mzcr.cz/covid-19
2021-03-24,1087204,407481,1494628,0,"Johnson&Johnson, Moderna, Oxford/AstraZeneca, Pfizer/BioNTech",Czechia,https://onemocneni-aktualne.mzcr.cz/covid-19
2021-03-25,1113559,425337,1538838,0,"Johnson&Johnson, Moderna, Oxford/AstraZeneca, Pfizer/BioNTech",Czechia,https://onemocneni-aktualne.mzcr.cz/covid-19
2021-03-26,1138401,442849,1581191,0,"Johnson&Johnson, Moderna, Oxford/AstraZeneca, Pfizer/BioNTech",Czechia,https://onemocneni-aktualne.mzcr.cz/covid-19
2021-03-27,1146859,447695,1594492,0,"Johnson&Johnson, Moderna, Oxford/AstraZeneca, Pfizer/BioNTech",Czechia,https://onemocneni-aktualne.mzcr.cz/covid-19
2021-03-28,1152407,451843,1604188,0,"Johnson&Johnson, Moderna, Oxford/AstraZeneca, Pfizer/BioNTech",Czechia,https://onemocneni-aktualne.mzcr.cz/covid-19
2021-03-29,1171565,472581,1644080,0,"Johnson&Johnson, Moderna, Oxford/AstraZeneca, Pfizer/BioNTech",Czechia,https://onemocneni-aktualne.mzcr.cz/covid-19
2021-03-30,1196276,494768,1690973,0,"Johnson&Johnson, Moderna, Oxford/AstraZeneca, Pfizer/BioNTech",Czechia,https://onemocneni-aktualne.mzcr.cz/covid-19
2021-03-31,1219433,521838,1741192,0,"Johnson&Johnson, Moderna, Oxford/AstraZeneca, Pfizer/BioNTech",Czechia,https://onemocneni-aktualne.mzcr.cz/covid-19
2021-04-01,1245119,553900,1798926,0,"Johnson&Johnson, Moderna, Oxford/AstraZeneca, Pfizer/BioNTech",Czechia,https://onemocneni-aktualne.mzcr.cz/covid-19
2021-04-02,1252095,566702,1818684,0,"Johnson&Johnson, Moderna, Oxford/AstraZeneca, Pfizer/BioNTech",Czechia,https://onemocneni-aktualne.mzcr.cz/covid-19
2021-04-03,1255745,577633,1833262,0,"Johnson&Johnson, Moderna, Oxford/AstraZeneca, Pfizer/BioNTech",Czechia,https://onemocneni-aktualne.mzcr.cz/covid-19
2021-04-04,1258286,586558,1844723,0,"Johnson&Johnson, Moderna, Oxford/AstraZeneca, Pfizer/BioNTech",Czechia,https://onemocneni-aktualne.mzcr.cz/covid-19
2021-04-05,1260715,593762,1854345,0,"Johnson&Johnson, Moderna, Oxford/AstraZeneca, Pfizer/BioNTech",Czechia,https://onemocneni-aktualne.mzcr.cz/covid-19
2021-04-06,1276930,623039,1899821,0,"Johnson&Johnson, Moderna, Oxford/AstraZeneca, Pfizer/BioNTech",Czechia,https://onemocneni-aktualne.mzcr.cz/covid-19
2021-04-07,1300434,645284,1945554,0,"Johnson&Johnson, Moderna, Oxford/AstraZeneca, Pfizer/BioNTech",Czechia,https://onemocneni-aktualne.mzcr.cz/covid-19
2021-04-08,1339244,676331,2015389,0,"Johnson&Johnson, Moderna, Oxford/AstraZeneca, Pfizer/BioNTech",Czechia,https://onemocneni-aktualne.mzcr.cz/covid-19
2021-04-09,1378844,706528,2085166,0,"Johnson&Johnson, Moderna, Oxford/AstraZeneca, Pfizer/BioNTech",Czechia,https://onemocneni-aktualne.mzcr.cz/covid-19
2021-04-10,1394410,721841,2116020,0,"Johnson&Johnson, Moderna, Oxford/AstraZeneca, Pfizer/BioNTech",Czechia,https://onemocneni-aktualne.mzcr.cz/covid-19
2021-04-11,1404205,731897,2135860,0,"Johnson&Johnson, Moderna, Oxford/AstraZeneca, Pfizer/BioNTech",Czechia,https://onemocneni-aktualne.mzcr.cz/covid-19
2021-04-12,1442527,757042,2199309,0,"Johnson&Johnson, Moderna, Oxford/AstraZeneca, Pfizer/BioNTech",Czechia,https://onemocneni-aktualne.mzcr.cz/covid-19
2021-04-13,1478832,783085,2261657,0,"Johnson&Johnson, Moderna, Oxford/AstraZeneca, Pfizer/BioNTech",Czechia,https://onemocneni-aktualne.mzcr.cz/covid-19
2021-04-14,1517715,810460,2327915,0,"Johnson&Johnson, Moderna, Oxford/AstraZeneca, Pfizer/BioNTech",Czechia,https://onemocneni-aktualne.mzcr.cz/covid-19
2021-04-15,1565550,836240,2401530,0,"Johnson&Johnson, Moderna, Oxford/AstraZeneca, Pfizer/BioNTech",Czechia,https://onemocneni-aktualne.mzcr.cz/covid-19
2021-04-16,1610262,861926,2471928,0,"Johnson&Johnson, Moderna, Oxford/AstraZeneca, Pfizer/BioNTech",Czechia,https://onemocneni-aktualne.mzcr.cz/covid-19
2021-04-17,1626987,870953,2497680,0,"Johnson&Johnson, Moderna, Oxford/AstraZeneca, Pfizer/BioNTech",Czechia,https://onemocneni-aktualne.mzcr.cz/covid-19
2021-04-18,1639986,875939,2515665,0,"Johnson&Johnson, Moderna, Oxford/AstraZeneca, Pfizer/BioNTech",Czechia,https://onemocneni-aktualne.mzcr.cz/covid-19
2021-04-19,1683960,891382,2575081,0,"Johnson&Johnson, Moderna, Oxford/AstraZeneca, Pfizer/BioNTech",Czechia,https://onemocneni-aktualne.mzcr.cz/covid-19
2021-04-20,1726548,907273,2633558,0,"Johnson&Johnson, Moderna, Oxford/AstraZeneca, Pfizer/BioNTech",Czechia,https://onemocneni-aktualne.mzcr.cz/covid-19
2021-04-21,1774322,921642,2695701,0,"Johnson&Johnson, Moderna, Oxford/AstraZeneca, Pfizer/BioNTech",Czechia,https://onemocneni-aktualne.mzcr.cz/covid-19
2021-04-22,1828850,939040,2767598,0,"Johnson&Johnson, Moderna, Oxford/AstraZeneca, Pfizer/BioNTech",Czechia,https://onemocneni-aktualne.mzcr.cz/covid-19
2021-04-23,1878870,951106,2829463,0,"Johnson&Johnson, Moderna, Oxford/AstraZeneca, Pfizer/BioNTech",Czechia,https://onemocneni-aktualne.mzcr.cz/covid-19
2021-04-24,1896746,956372,2852591,0,"Johnson&Johnson, Moderna, Oxford/AstraZeneca, Pfizer/BioNTech",Czechia,https://onemocneni-aktualne.mzcr.cz/covid-19
2021-04-25,1911458,960374,2871289,0,"Johnson&Johnson, Moderna, Oxford/AstraZeneca, Pfizer/BioNTech",Czechia,https://onemocneni-aktualne.mzcr.cz/covid-19
2021-04-26,1961069,967943,2927930,0,"Johnson&Johnson, Moderna, Oxford/AstraZeneca, Pfizer/BioNTech",Czechia,https://onemocneni-aktualne.mzcr.cz/covid-19
2021-04-27,2010064,980195,2988245,0,"Johnson&Johnson, Moderna, Oxford/AstraZeneca, Pfizer/BioNTech",Czechia,https://onemocneni-aktualne.mzcr.cz/covid-19
2021-04-28,2068847,994223,3059602,0,"Johnson&Johnson, Moderna, Oxford/AstraZeneca, Pfizer/BioNTech",Czechia,https://onemocneni-aktualne.mzcr.cz/covid-19
2021-04-29,2134466,1010141,3139533,0,"Johnson&Johnson, Moderna, Oxford/AstraZeneca, Pfizer/BioNTech",Czechia,https://onemocneni-aktualne.mzcr.cz/covid-19
2021-04-30,2196764,1020137,3210364,0,"Johnson&Johnson, Moderna, Oxford/AstraZeneca, Pfizer/BioNTech",Czechia,https://onemocneni-aktualne.mzcr.cz/covid-19
2021-05-01,2216150,1023600,3233107,0,"Johnson&Johnson, Moderna, Oxford/AstraZeneca, Pfizer/BioNTech",Czechia,https://onemocneni-aktualne.mzcr.cz/covid-19
2021-05-02,2235101,1025889,3254306,0,"Johnson&Johnson, Moderna, Oxford/AstraZeneca, Pfizer/BioNTech",Czechia,https://onemocneni-aktualne.mzcr.cz/covid-19
2021-05-03,2302383,1030971,3325542,0,"Johnson&Johnson, Moderna, Oxford/AstraZeneca, Pfizer/BioNTech",Czechia,https://onemocneni-aktualne.mzcr.cz/covid-19
2021-05-04,2368938,1039347,3398906,0,"Johnson&Johnson, Moderna, Oxford/AstraZeneca, Pfizer/BioNTech",Czechia,https://onemocneni-aktualne.mzcr.cz/covid-19
2021-05-05,2442147,1048794,3479584,0,"Johnson&Johnson, Moderna, Oxford/AstraZeneca, Pfizer/BioNTech",Czechia,https://onemocneni-aktualne.mzcr.cz/covid-19
2021-05-06,2522595,1059550,3568816,0,"Johnson&Johnson, Moderna, Oxford/AstraZeneca, Pfizer/BioNTech",Czechia,https://onemocneni-aktualne.mzcr.cz/covid-19
2021-05-07,2599929,1069692,3654362,0,"Johnson&Johnson, Moderna, Oxford/AstraZeneca, Pfizer/BioNTech",Czechia,https://onemocneni-aktualne.mzcr.cz/covid-19
2021-05-08,2629461,1071482,3685529,0,"Johnson&Johnson, Moderna, Oxford/AstraZeneca, Pfizer/BioNTech",Czechia,https://onemocneni-aktualne.mzcr.cz/covid-19
2021-05-09,2653695,1072702,3710971,0,"Johnson&Johnson, Moderna, Oxford/AstraZeneca, Pfizer/BioNTech",Czechia,https://onemocneni-aktualne.mzcr.cz/covid-19
2021-05-10,2726503,1079952,3789339,0,"Johnson&Johnson, Moderna, Oxford/AstraZeneca, Pfizer/BioNTech",Czechia,https://onemocneni-aktualne.mzcr.cz/covid-19
2021-05-11,2802658,1088787,3872505,0,"Johnson&Johnson, Moderna, Oxford/AstraZeneca, Pfizer/BioNTech",Czechia,https://onemocneni-aktualne.mzcr.cz/covid-19
2021-05-12,2882609,1097933,3960005,0,"Johnson&Johnson, Moderna, Oxford/AstraZeneca, Pfizer/BioNTech",Czechia,https://onemocneni-aktualne.mzcr.cz/covid-19
2021-05-13,2966667,1107124,4051740,0,"Johnson&Johnson, Moderna, Oxford/AstraZeneca, Pfizer/BioNTech",Czechia,https://onemocneni-aktualne.mzcr.cz/covid-19
2021-05-14,3046216,1114955,4138004,0,"Johnson&Johnson, Moderna, Oxford/AstraZeneca, Pfizer/BioNTech",Czechia,https://onemocneni-aktualne.mzcr.cz/covid-19
2021-05-15,3078179,1117239,4172168,0,"Johnson&Johnson, Moderna, Oxford/AstraZeneca, Pfizer/BioNTech",Czechia,https://onemocneni-aktualne.mzcr.cz/covid-19
2021-05-16,3103990,1118524,4199251,0,"Johnson&Johnson, Moderna, Oxford/AstraZeneca, Pfizer/BioNTech",Czechia,https://onemocneni-aktualne.mzcr.cz/covid-19
2021-05-17,3176535,1125282,4277668,0,"Johnson&Johnson, Moderna, Oxford/AstraZeneca, Pfizer/BioNTech",Czechia,https://onemocneni-aktualne.mzcr.cz/covid-19
2021-05-18,3248523,1138404,4361770,0,"Johnson&Johnson, Moderna, Oxford/AstraZeneca, Pfizer/BioNTech",Czechia,https://onemocneni-aktualne.mzcr.cz/covid-19
2021-05-19,3326024,1153579,4453213,0,"Johnson&Johnson, Moderna, Oxford/AstraZeneca, Pfizer/BioNTech",Czechia,https://onemocneni-aktualne.mzcr.cz/covid-19
2021-05-20,3401517,1180650,4554143,0,"Johnson&Johnson, Moderna, Oxford/AstraZeneca, Pfizer/BioNTech",Czechia,https://onemocneni-aktualne.mzcr.cz/covid-19
2021-05-21,3470371,1208465,4649381,0,"Johnson&Johnson, Moderna, Oxford/AstraZeneca, Pfizer/BioNTech",Czechia,https://onemocneni-aktualne.mzcr.cz/covid-19
2021-05-22,3502827,1219706,4692890,0,"Johnson&Johnson, Moderna, Oxford/AstraZeneca, Pfizer/BioNTech",Czechia,https://onemocneni-aktualne.mzcr.cz/covid-19
2021-05-23,3525275,1228748,4724363,0,"Johnson&Johnson, Moderna, Oxford/AstraZeneca, Pfizer/BioNTech",Czechia,https://onemocneni-aktualne.mzcr.cz/covid-19
2021-05-24,3572488,1262427,4803968,0,"Johnson&Johnson, Moderna, Oxford/AstraZeneca, Pfizer/BioNTech",Czechia,https://onemocneni-aktualne.mzcr.cz/covid-19
2021-05-25,3624407,1298275,4889951,0,"Johnson&Johnson, Moderna, Oxford/AstraZeneca, Pfizer/BioNTech",Czechia,https://onemocneni-aktualne.mzcr.cz/covid-19
2021-05-26,3692174,1335838,4993368,0,"Johnson&Johnson, Moderna, Oxford/AstraZeneca, Pfizer/BioNTech",Czechia,https://onemocneni-aktualne.mzcr.cz/covid-19
2021-05-27,3753612,1383207,5100067,0,"Johnson&Johnson, Moderna, Oxford/AstraZeneca, Pfizer/BioNTech",Czechia,https://onemocneni-aktualne.mzcr.cz/covid-19
2021-05-28,3815367,1429821,5206318,0,"Johnson&Johnson, Moderna, Oxford/AstraZeneca, Pfizer/BioNTech",Czechia,https://onemocneni-aktualne.mzcr.cz/covid-19
2021-05-29,3844627,1446966,5252576,0,"Johnson&Johnson, Moderna, Oxford/AstraZeneca, Pfizer/BioNTech",Czechia,https://onemocneni-aktualne.mzcr.cz/covid-19
2021-05-30,3867037,1461435,5289436,0,"Johnson&Johnson, Moderna, Oxford/AstraZeneca, Pfizer/BioNTech",Czechia,https://onemocneni-aktualne.mzcr.cz/covid-19
2021-05-31,3922789,1508971,5390866,0,"Johnson&Johnson, Moderna, Oxford/AstraZeneca, Pfizer/BioNTech",Czechia,https://onemocneni-aktualne.mzcr.cz/covid-19
2021-06-01,3981894,1557861,5496570,0,"Johnson&Johnson, Moderna, Oxford/AstraZeneca, Pfizer/BioNTech",Czechia,https://onemocneni-aktualne.mzcr.cz/covid-19
2021-06-02,4044864,1611899,5611110,0,"Johnson&Johnson, Moderna, Oxford/AstraZeneca, Pfizer/BioNTech",Czechia,https://onemocneni-aktualne.mzcr.cz/covid-19
2021-06-03,4103117,1672149,5726812,0,"Johnson&Johnson, Moderna, Oxford/AstraZeneca, Pfizer/BioNTech",Czechia,https://onemocneni-aktualne.mzcr.cz/covid-19
2021-06-04,4166250,1729592,5844136,0,"Johnson&Johnson, Moderna, Oxford/AstraZeneca, Pfizer/BioNTech",Czechia,https://onemocneni-aktualne.mzcr.cz/covid-19
2021-06-05,4200438,1748517,5897114,0,"Johnson&Johnson, Moderna, Oxford/AstraZeneca, Pfizer/BioNTech",Czechia,https://onemocneni-aktualne.mzcr.cz/covid-19
2021-06-06,4227398,1763692,5939164,0,"Johnson&Johnson, Moderna, Oxford/AstraZeneca, Pfizer/BioNTech",Czechia,https://onemocneni-aktualne.mzcr.cz/covid-19
2021-06-07,4291098,1819347,6055391,0,"Johnson&Johnson, Moderna, Oxford/AstraZeneca, Pfizer/BioNTech",Czechia,https://onemocneni-aktualne.mzcr.cz/covid-19
2021-06-08,4355116,1874383,6171383,0,"Johnson&Johnson, Moderna, Oxford/AstraZeneca, Pfizer/BioNTech",Czechia,https://onemocneni-aktualne.mzcr.cz/covid-19
2021-06-09,4414338,1939087,6291663,0,"Johnson&Johnson, Moderna, Oxford/AstraZeneca, Pfizer/BioNTech",Czechia,https://onemocneni-aktualne.mzcr.cz/covid-19
2021-06-10,4468204,2010413,6413744,0,"Johnson&Johnson, Moderna, Oxford/AstraZeneca, Pfizer/BioNTech",Czechia,https://onemocneni-aktualne.mzcr.cz/covid-19
2021-06-11,4520334,2080273,6532594,0,"Johnson&Johnson, Moderna, Oxford/AstraZeneca, Pfizer/BioNTech",Czechia,https://onemocneni-aktualne.mzcr.cz/covid-19
2021-06-12,4552353,2101127,6585359,0,"Johnson&Johnson, Moderna, Oxford/AstraZeneca, Pfizer/BioNTech",Czechia,https://onemocneni-aktualne.mzcr.cz/covid-19
2021-06-13,4576399,2119571,6627792,0,"Johnson&Johnson, Moderna, Oxford/AstraZeneca, Pfizer/BioNTech",Czechia,https://onemocneni-aktualne.mzcr.cz/covid-19
2021-06-14,4619487,2193991,6742891,0,"Johnson&Johnson, Moderna, Oxford/AstraZeneca, Pfizer/BioNTech",Czechia,https://onemocneni-aktualne.mzcr.cz/covid-19
2021-06-15,4664166,2266404,6857795,0,"Johnson&Johnson, Moderna, Oxford/AstraZeneca, Pfizer/BioNTech",Czechia,https://onemocneni-aktualne.mzcr.cz/covid-19
2021-06-16,4706985,2344666,6976317,0,"Johnson&Johnson, Moderna, Oxford/AstraZeneca, Pfizer/BioNTech",Czechia,https://onemocneni-aktualne.mzcr.cz/covid-19
2021-06-17,4746423,2427790,7096683,0,"Johnson&Johnson, Moderna, Oxford/AstraZeneca, Pfizer/BioNTech",Czechia,https://onemocneni-aktualne.mzcr.cz/covid-19
2021-06-18,4788873,2508400,7217682,0,"Johnson&Johnson, Moderna, Oxford/AstraZeneca, Pfizer/BioNTech",Czechia,https://onemocneni-aktualne.mzcr.cz/covid-19
2021-06-19,4810661,2537745,7268787,0,"Johnson&Johnson, Moderna, Oxford/AstraZeneca, Pfizer/BioNTech",Czechia,https://onemocneni-aktualne.mzcr.cz/covid-19
2021-06-20,4828071,2561619,7310030,0,"Johnson&Johnson, Moderna, Oxford/AstraZeneca, Pfizer/BioNTech",Czechia,https://onemocneni-aktualne.mzcr.cz/covid-19
2021-06-21,4860587,2640260,7419749,0,"Johnson&Johnson, Moderna, Oxford/AstraZeneca, Pfizer/BioNTech",Czechia,https://onemocneni-aktualne.mzcr.cz/covid-19
2021-06-22,4893563,2722605,7533448,0,"Johnson&Johnson, Moderna, Oxford/AstraZeneca, Pfizer/BioNTech",Czechia,https://onemocneni-aktualne.mzcr.cz/covid-19
2021-06-23,4925277,2807874,7648621,0,"Johnson&Johnson, Moderna, Oxford/AstraZeneca, Pfizer/BioNTech",Czechia,https://onemocneni-aktualne.mzcr.cz/covid-19
2021-06-24,4955146,2897951,7766740,0,"Johnson&Johnson, Moderna, Oxford/AstraZeneca, Pfizer/BioNTech",Czechia,https://onemocneni-aktualne.mzcr.cz/covid-19
2021-06-25,4986237,2984200,7882373,0,"Johnson&Johnson, Moderna, Oxford/AstraZeneca, Pfizer/BioNTech",Czechia,https://onemocneni-aktualne.mzcr.cz/covid-19
2021-06-26,5002142,3019087,7933125,0,"Johnson&Johnson, Moderna, Oxford/AstraZeneca, Pfizer/BioNTech",Czechia,https://onemocneni-aktualne.mzcr.cz/covid-19
2021-06-27,5016104,3045806,7973792,0,"Johnson&Johnson, Moderna, Oxford/AstraZeneca, Pfizer/BioNTech",Czechia,https://onemocneni-aktualne.mzcr.cz/covid-19
2021-06-28,5044525,3131041,8086190,0,"Johnson&Johnson, Moderna, Oxford/AstraZeneca, Pfizer/BioNTech",Czechia,https://onemocneni-aktualne.mzcr.cz/covid-19
2021-06-29,5073814,3217604,8200590,0,"Johnson&Johnson, Moderna, Oxford/AstraZeneca, Pfizer/BioNTech",Czechia,https://onemocneni-aktualne.mzcr.cz/covid-19
2021-06-30,5101320,3308658,8317794,1,"Johnson&Johnson, Moderna, Oxford/AstraZeneca, Pfizer/BioNTech",Czechia,https://onemocneni-aktualne.mzcr.cz/covid-19
2021-07-01,5125306,3398768,8430110,1,"Johnson&Johnson, Moderna, Oxford/AstraZeneca, Pfizer/BioNTech",Czechia,https://onemocneni-aktualne.mzcr.cz/covid-19
2021-07-02,5152054,3484704,8541067,1,"Johnson&Johnson, Moderna, Oxford/AstraZeneca, Pfizer/BioNTech",Czechia,https://onemocneni-aktualne.mzcr.cz/covid-19
2021-07-03,5159156,3516279,8579719,1,"Johnson&Johnson, Moderna, Oxford/AstraZeneca, Pfizer/BioNTech",Czechia,https://onemocneni-aktualne.mzcr.cz/covid-19
2021-07-04,5166742,3538105,8609120,1,"Johnson&Johnson, Moderna, Oxford/AstraZeneca, Pfizer/BioNTech",Czechia,https://onemocneni-aktualne.mzcr.cz/covid-19
2021-07-05,5174156,3563521,8641927,1,"Johnson&Johnson, Moderna, Oxford/AstraZeneca, Pfizer/BioNTech",Czechia,https://onemocneni-aktualne.mzcr.cz/covid-19
2021-07-06,5179623,3591251,8675086,1,"Johnson&Johnson, Moderna, Oxford/AstraZeneca, Pfizer/BioNTech",Czechia,https://onemocneni-aktualne.mzcr.cz/covid-19
2021-07-07,5205455,3670250,8778928,1,"Johnson&Johnson, Moderna, Oxford/AstraZeneca, Pfizer/BioNTech",Czechia,https://onemocneni-aktualne.mzcr.cz/covid-19
2021-07-08,5232071,3740601,8874572,1,"Johnson&Johnson, Moderna, Oxford/AstraZeneca, Pfizer/BioNTech",Czechia,https://onemocneni-aktualne.mzcr.cz/covid-19
2021-07-09,5260021,3809943,8970427,1,"Johnson&Johnson, Moderna, Oxford/AstraZeneca, Pfizer/BioNTech",Czechia,https://onemocneni-aktualne.mzcr.cz/covid-19
2021-07-10,5269402,3838619,9008458,1,"Johnson&Johnson, Moderna, Oxford/AstraZeneca, Pfizer/BioNTech",Czechia,https://onemocneni-aktualne.mzcr.cz/covid-19
2021-07-11,5277954,3861512,9039858,1,"Johnson&Johnson, Moderna, Oxford/AstraZeneca, Pfizer/BioNTech",Czechia,https://onemocneni-aktualne.mzcr.cz/covid-19
2021-07-12,5305492,3930608,9135171,1,"Johnson&Johnson, Moderna, Oxford/AstraZeneca, Pfizer/BioNTech",Czechia,https://onemocneni-aktualne.mzcr.cz/covid-19
2021-07-13,5331696,4000509,9229429,1,"Johnson&Johnson, Moderna, Oxford/AstraZeneca, Pfizer/BioNTech",Czechia,https://onemocneni-aktualne.mzcr.cz/covid-19
2021-07-14,5357533,4072527,9325283,1,"Johnson&Johnson, Moderna, Oxford/AstraZeneca, Pfizer/BioNTech",Czechia,https://onemocneni-aktualne.mzcr.cz/covid-19
2021-07-15,5386724,4138566,9418162,1,"Johnson&Johnson, Moderna, Oxford/AstraZeneca, Pfizer/BioNTech",Czechia,https://onemocneni-aktualne.mzcr.cz/covid-19
2021-07-16,5414657,4211324,9516372,1,"Johnson&Johnson, Moderna, Oxford/AstraZeneca, Pfizer/BioNTech",Czechia,https://onemocneni-aktualne.mzcr.cz/covid-19
2021-07-17,5423460,4242807,9556151,1,"Johnson&Johnson, Moderna, Oxford/AstraZeneca, Pfizer/BioNTech",Czechia,https://onemocneni-aktualne.mzcr.cz/covid-19
2021-07-18,5431904,4268820,9590064,1,"Johnson&Johnson, Moderna, Oxford/AstraZeneca, Pfizer/BioNTech",Czechia,https://onemocneni-aktualne.mzcr.cz/covid-19
2021-07-19,5455278,4335869,9679012,1,"Johnson&Johnson, Moderna, Oxford/AstraZeneca, Pfizer/BioNTech",Czechia,https://onemocneni-aktualne.mzcr.cz/covid-19
2021-07-20,5476689,4402950,9765585,2,"Johnson&Johnson, Moderna, Oxford/AstraZeneca, Pfizer/BioNTech",Czechia,https://onemocneni-aktualne.mzcr.cz/covid-19
2021-07-21,5500150,4466426,9849683,2,"Johnson&Johnson, Moderna, Oxford/AstraZeneca, Pfizer/BioNTech",Czechia,https://onemocneni-aktualne.mzcr.cz/covid-19
2021-07-22,5522523,4525073,9927657,2,"Johnson&Johnson, Moderna, Oxford/AstraZeneca, Pfizer/BioNTech",Czechia,https://onemocneni-aktualne.mzcr.cz/covid-19
2021-07-23,5545754,4579846,10002545,2,"Johnson&Johnson, Moderna, Oxford/AstraZeneca, Pfizer/BioNTech",Czechia,https://onemocneni-aktualne.mzcr.cz/covid-19
2021-07-24,5553100,4607526,10036375,2,"Johnson&Johnson, Moderna, Oxford/AstraZeneca, Pfizer/BioNTech",Czechia,https://onemocneni-aktualne.mzcr.cz/covid-19
2021-07-25,5559736,4629667,10063993,2,"Johnson&Johnson, Moderna, Oxford/AstraZeneca, Pfizer/BioNTech",Czechia,https://onemocneni-aktualne.mzcr.cz/covid-19
2021-07-26,5583293,4678366,10133583,2,"Johnson&Johnson, Moderna, Oxford/AstraZeneca, Pfizer/BioNTech",Czechia,https://onemocneni-aktualne.mzcr.cz/covid-19
2021-07-27,5606043,4725034,10199701,2,"Johnson&Johnson, Moderna, Oxford/AstraZeneca, Pfizer/BioNTech",Czechia,https://onemocneni-aktualne.mzcr.cz/covid-19
2021-07-28,5627323,4771066,10263253,2,"Johnson&Johnson, Moderna, Oxford/AstraZeneca, Pfizer/BioNTech",Czechia,https://onemocneni-aktualne.mzcr.cz/covid-19
2021-07-29,5648660,4813057,10323259,2,"Johnson&Johnson, Moderna, Oxford/AstraZeneca, Pfizer/BioNTech",Czechia,https://onemocneni-aktualne.mzcr.cz/covid-19
2021-07-30,5671944,4855650,10385812,3,"Johnson&Johnson, Moderna, Oxford/AstraZeneca, Pfizer/BioNTech",Czechia,https://onemocneni-aktualne.mzcr.cz/covid-19
2021-07-31,5680890,4875191,10412739,3,"Johnson&Johnson, Moderna, Oxford/AstraZeneca, Pfizer/BioNTech",Czechia,https://onemocneni-aktualne.mzcr.cz/covid-19
2021-08-01,5687620,4891375,10434318,3,"Johnson&Johnson, Moderna, Oxford/AstraZeneca, Pfizer/BioNTech",Czechia,https://onemocneni-aktualne.mzcr.cz/covid-19
2021-08-02,5706266,4928948,10488083,3,"Johnson&Johnson, Moderna, Oxford/AstraZeneca, Pfizer/BioNTech",Czechia,https://onemocneni-aktualne.mzcr.cz/covid-19
2021-08-03,5723919,4967069,10540630,3,"Johnson&Johnson, Moderna, Oxford/AstraZeneca, Pfizer/BioNTech",Czechia,https://onemocneni-aktualne.mzcr.cz/covid-19
2021-08-04,5740043,5003848,10590551,3,"Johnson&Johnson, Moderna, Oxford/AstraZeneca, Pfizer/BioNTech",Czechia,https://onemocneni-aktualne.mzcr.cz/covid-19
2021-08-05,5756084,5044353,10644048,3,"Johnson&Johnson, Moderna, Oxford/AstraZeneca, Pfizer/BioNTech",Czechia,https://onemocneni-aktualne.mzcr.cz/covid-19
2021-08-06,5772884,5087668,10701077,3,"Johnson&Johnson, Moderna, Oxford/AstraZeneca, Pfizer/BioNTech",Czechia,https://onemocneni-aktualne.mzcr.cz/covid-19
2021-08-07,5778488,5105851,10723447,3,"Johnson&Johnson, Moderna, Oxford/AstraZeneca, Pfizer/BioNTech",Czechia,https://onemocneni-aktualne.mzcr.cz/covid-19
2021-08-08,5782856,5121616,10742493,4,"Johnson&Johnson, Moderna, Oxford/AstraZeneca, Pfizer/BioNTech",Czechia,https://onemocneni-aktualne.mzcr.cz/covid-19
2021-08-09,5795500,5166693,10797993,4,"Johnson&Johnson, Moderna, Oxford/AstraZeneca, Pfizer/BioNTech",Czechia,https://onemocneni-aktualne.mzcr.cz/covid-19
2021-08-10,5807347,5206282,10847226,4,"Johnson&Johnson, Moderna, Oxford/AstraZeneca, Pfizer/BioNTech",Czechia,https://onemocneni-aktualne.mzcr.cz/covid-19
2021-08-11,5818708,5249429,10899506,4,"Johnson&Johnson, Moderna, Oxford/AstraZeneca, Pfizer/BioNTech",Czechia,https://onemocneni-aktualne.mzcr.cz/covid-19
2021-08-12,5830134,5286582,10945594,4,"Johnson&Johnson, Moderna, Oxford/AstraZeneca, Pfizer/BioNTech",Czechia,https://onemocneni-aktualne.mzcr.cz/covid-19
2021-08-13,5840861,5326940,10994474,4,"Johnson&Johnson, Moderna, Oxford/AstraZeneca, Pfizer/BioNTech",Czechia,https://onemocneni-aktualne.mzcr.cz/covid-19
2021-08-14,5844199,5337656,11007469,4,"Johnson&Johnson, Moderna, Oxford/AstraZeneca, Pfizer/BioNTech",Czechia,https://onemocneni-aktualne.mzcr.cz/covid-19
2021-08-15,5846785,5348045,11019821,4,"Johnson&Johnson, Moderna, Oxford/AstraZeneca, Pfizer/BioNTech",Czechia,https://onemocneni-aktualne.mzcr.cz/covid-19
2021-08-16,5856577,5382133,11061804,4,"Johnson&Johnson, Moderna, Oxford/AstraZeneca, Pfizer/BioNTech",Czechia,https://onemocneni-aktualne.mzcr.cz/covid-19
2021-08-17,5866174,5409239,11096528,4,"Johnson&Johnson, Moderna, Oxford/AstraZeneca, Pfizer/BioNTech",Czechia,https://onemocneni-aktualne.mzcr.cz/covid-19
2021-08-18,5875551,5448139,11142675,4,"Johnson&Johnson, Moderna, Oxford/AstraZeneca, Pfizer/BioNTech",Czechia,https://onemocneni-aktualne.mzcr.cz/covid-19
2021-08-19,5885232,5486503,11188256,4,"Johnson&Johnson, Moderna, Oxford/AstraZeneca, Pfizer/BioNTech",Czechia,https://onemocneni-aktualne.mzcr.cz/covid-19
2021-08-20,5896625,5526697,11237215,4,"Johnson&Johnson, Moderna, Oxford/AstraZeneca, Pfizer/BioNTech",Czechia,https://onemocneni-aktualne.mzcr.cz/covid-19
2021-08-21,5899347,5539467,11251797,4,"Johnson&Johnson, Moderna, Oxford/AstraZeneca, Pfizer/BioNTech",Czechia,https://onemocneni-aktualne.mzcr.cz/covid-19
2021-08-22,5901692,5551437,11265319,4,"Johnson&Johnson, Moderna, Oxford/AstraZeneca, Pfizer/BioNTech",Czechia,https://onemocneni-aktualne.mzcr.cz/covid-19
2021-08-23,5912224,5590717,11312616,6,"Johnson&Johnson, Moderna, Oxford/AstraZeneca, Pfizer/BioNTech",Czechia,https://onemocneni-aktualne.mzcr.cz/covid-19
2021-08-24,5922105,5623980,11353507,6,"Johnson&Johnson, Moderna, Oxford/AstraZeneca, Pfizer/BioNTech",Czechia,https://onemocneni-aktualne.mzcr.cz/covid-19
2021-08-25,5930970,5652358,11388588,7,"Johnson&Johnson, Moderna, Oxford/AstraZeneca, Pfizer/BioNTech",Czechia,https://onemocneni-aktualne.mzcr.cz/covid-19
2021-08-26,5939422,5678487,11421371,9,"Johnson&Johnson, Moderna, Oxford/AstraZeneca, Pfizer/BioNTech",Czechia,https://onemocneni-aktualne.mzcr.cz/covid-19
2021-08-27,5949750,5704467,11455464,10,"Johnson&Johnson, Moderna, Oxford/AstraZeneca, Pfizer/BioNTech",Czechia,https://onemocneni-aktualne.mzcr.cz/covid-19
2021-08-28,5952484,5711524,11464533,10,"Johnson&Johnson, Moderna, Oxford/AstraZeneca, Pfizer/BioNTech",Czechia,https://onemocneni-aktualne.mzcr.cz/covid-19
2021-08-29,5954896,5718145,11472837,10,"Johnson&Johnson, Moderna, Oxford/AstraZeneca, Pfizer/BioNTech",Czechia,https://onemocneni-aktualne.mzcr.cz/covid-19
2021-08-30,5963427,5740026,11501559,10,"Johnson&Johnson, Moderna, Oxford/AstraZeneca, Pfizer/BioNTech",Czechia,https://onemocneni-aktualne.mzcr.cz/covid-19
2021-08-31,5971107,5758131,11525584,10,"Johnson&Johnson, Moderna, Oxford/AstraZeneca, Pfizer/BioNTech",Czechia,https://onemocneni-aktualne.mzcr.cz/covid-19
2021-09-01,5977019,5772149,11544182,11,"Johnson&Johnson, Moderna, Oxford/AstraZeneca, Pfizer/BioNTech",Czechia,https://onemocneni-aktualne.mzcr.cz/covid-19
2021-09-02,5983862,5786541,11563559,11,"Johnson&Johnson, Moderna, Oxford/AstraZeneca, Pfizer/BioNTech",Czechia,https://onemocneni-aktualne.mzcr.cz/covid-19
2021-09-03,5993425,5802270,11586882,11,"Johnson&Johnson, Moderna, Oxford/AstraZeneca, Pfizer/BioNTech",Czechia,https://onemocneni-aktualne.mzcr.cz/covid-19
2021-09-04,5995494,5805827,11591885,11,"Johnson&Johnson, Moderna, Oxford/AstraZeneca, Pfizer/BioNTech",Czechia,https://onemocneni-aktualne.mzcr.cz/covid-19
2021-09-05,5997533,5808674,11596243,11,"Johnson&Johnson, Moderna, Oxford/AstraZeneca, Pfizer/BioNTech",Czechia,https://onemocneni-aktualne.mzcr.cz/covid-19
2021-09-06,6003771,5821216,11613607,11,"Johnson&Johnson, Moderna, Oxford/AstraZeneca, Pfizer/BioNTech",Czechia,https://onemocneni-aktualne.mzcr.cz/covid-19
2021-09-07,6008166,5832301,11627589,11,"Johnson&Johnson, Moderna, Oxford/AstraZeneca, Pfizer/BioNTech",Czechia,https://onemocneni-aktualne.mzcr.cz/covid-19
2021-09-08,6013842,5842162,11641873,14,"Johnson&Johnson, Moderna, Oxford/AstraZeneca, Pfizer/BioNTech",Czechia,https://onemocneni-aktualne.mzcr.cz/covid-19
2021-09-09,6020543,5852229,11657066,15,"Johnson&Johnson, Moderna, Oxford/AstraZeneca, Pfizer/BioNTech",Czechia,https://onemocneni-aktualne.mzcr.cz/covid-19
2021-09-10,6028237,5864408,11675396,16,"Johnson&Johnson, Moderna, Oxford/AstraZeneca, Pfizer/BioNTech",Czechia,https://onemocneni-aktualne.mzcr.cz/covid-19
2021-09-11,6030104,5866891,11679129,16,"Johnson&Johnson, Moderna, Oxford/AstraZeneca, Pfizer/BioNTech",Czechia,https://onemocneni-aktualne.mzcr.cz/covid-19
2021-09-12,6031222,5868523,11681434,17,"Johnson&Johnson, Moderna, Oxford/AstraZeneca, Pfizer/BioNTech",Czechia,https://onemocneni-aktualne.mzcr.cz/covid-19
2021-09-13,6036659,5878828,11695697,17,"Johnson&Johnson, Moderna, Oxford/AstraZeneca, Pfizer/BioNTech",Czechia,https://onemocneni-aktualne.mzcr.cz/covid-19
2021-09-14,6042055,5887847,11708679,17,"Johnson&Johnson, Moderna, Oxford/AstraZeneca, Pfizer/BioNTech",Czechia,https://onemocneni-aktualne.mzcr.cz/covid-19
2021-09-15,6047256,5896376,11721095,23,"Johnson&Johnson, Moderna, Oxford/AstraZeneca, Pfizer/BioNTech",Czechia,https://onemocneni-aktualne.mzcr.cz/covid-19
2021-09-16,6052605,5904655,11733165,23,"Johnson&Johnson, Moderna, Oxford/AstraZeneca, Pfizer/BioNTech",Czechia,https://onemocneni-aktualne.mzcr.cz/covid-19
2021-09-17,6059176,5914891,11748203,27,"Johnson&Johnson, Moderna, Oxford/AstraZeneca, Pfizer/BioNTech",Czechia,https://onemocneni-aktualne.mzcr.cz/covid-19
2021-09-18,6060902,5917252,11751734,29,"Johnson&Johnson, Moderna, Oxford/AstraZeneca, Pfizer/BioNTech",Czechia,https://onemocneni-aktualne.mzcr.cz/covid-19
2021-09-19,6061848,5918821,11753854,31,"Johnson&Johnson, Moderna, Oxford/AstraZeneca, Pfizer/BioNTech",Czechia,https://onemocneni-aktualne.mzcr.cz/covid-19
2021-09-20,6065865,5927021,11765417,465,"Johnson&Johnson, Moderna, Oxford/AstraZeneca, Pfizer/BioNTech",Czechia,https://onemocneni-aktualne.mzcr.cz/covid-19
2021-09-21,6070101,5934554,11776512,920,"Johnson&Johnson, Moderna, Oxford/AstraZeneca, Pfizer/BioNTech",Czechia,https://onemocneni-aktualne.mzcr.cz/covid-19
2021-09-22,6074294,5940081,11785581,1374,"Johnson&Johnson, Moderna, Oxford/AstraZeneca, Pfizer/BioNTech",Czechia,https://onemocneni-aktualne.mzcr.cz/covid-19
2021-09-23,6079269,5946491,11796601,2384,"Johnson&Johnson, Moderna, Oxford/AstraZeneca, Pfizer/BioNTech",Czechia,https://onemocneni-aktualne.mzcr.cz/covid-19
2021-09-24,6085031,5956113,11810881,2879,"Johnson&Johnson, Moderna, Oxford/AstraZeneca, Pfizer/BioNTech",Czechia,https://onemocneni-aktualne.mzcr.cz/covid-19
2021-09-25,6086526,5958112,11813921,2959,"Johnson&Johnson, Moderna, Oxford/AstraZeneca, Pfizer/BioNTech",Czechia,https://onemocneni-aktualne.mzcr.cz/covid-19
2021-09-26,6087271,5959751,11816078,3032,"Johnson&Johnson, Moderna, Oxford/AstraZeneca, Pfizer/BioNTech",Czechia,https://onemocneni-aktualne.mzcr.cz/covid-19
2021-09-27,6091154,5966265,11826158,3779,"Johnson&Johnson, Moderna, Oxford/AstraZeneca, Pfizer/BioNTech",Czechia,https://onemocneni-aktualne.mzcr.cz/covid-19
2021-09-28,6091522,5966889,11827024,3838,"Johnson&Johnson, Moderna, Oxford/AstraZeneca, Pfizer/BioNTech",Czechia,https://onemocneni-aktualne.mzcr.cz/covid-19
2021-09-29,6095297,5974348,11838221,4855,"Johnson&Johnson, Moderna, Oxford/AstraZeneca, Pfizer/BioNTech",Czechia,https://onemocneni-aktualne.mzcr.cz/covid-19
2021-09-30,6099803,5982048,11850457,6027,"Johnson&Johnson, Moderna, Oxford/AstraZeneca, Pfizer/BioNTech",Czechia,https://onemocneni-aktualne.mzcr.cz/covid-19
2021-10-01,6104107,5990028,11863500,7894,"Johnson&Johnson, Moderna, Oxford/AstraZeneca, Pfizer/BioNTech",Czechia,https://onemocneni-aktualne.mzcr.cz/covid-19
2021-10-02,6105171,5991570,11865870,7999,"Johnson&Johnson, Moderna, Oxford/AstraZeneca, Pfizer/BioNTech",Czechia,https://onemocneni-aktualne.mzcr.cz/covid-19
2021-10-03,6105896,5992440,11867248,8083,"Johnson&Johnson, Moderna, Oxford/AstraZeneca, Pfizer/BioNTech",Czechia,https://onemocneni-aktualne.mzcr.cz/covid-19
2021-10-04,6108971,5998012,11876801,9816,"Johnson&Johnson, Moderna, Oxford/AstraZeneca, Pfizer/BioNTech",Czechia,https://onemocneni-aktualne.mzcr.cz/covid-19
2021-10-05,6112135,6003098,11886215,11954,"Johnson&Johnson, Moderna, Oxford/AstraZeneca, Pfizer/BioNTech",Czechia,https://onemocneni-aktualne.mzcr.cz/covid-19
2021-10-06,6115654,6008269,11896589,14581,"Johnson&Johnson, Moderna, Oxford/AstraZeneca, Pfizer/BioNTech",Czechia,https://onemocneni-aktualne.mzcr.cz/covid-19
2021-10-07,6118935,6013528,11906588,16994,"Johnson&Johnson, Moderna, Oxford/AstraZeneca, Pfizer/BioNTech",Czechia,https://onemocneni-aktualne.mzcr.cz/covid-19
2021-10-08,6123729,6020169,11920707,20931,"Johnson&Johnson, Moderna, Oxford/AstraZeneca, Pfizer/BioNTech",Czechia,https://onemocneni-aktualne.mzcr.cz/covid-19
2021-10-09,6124973,6021827,11923692,21394,"Johnson&Johnson, Moderna, Oxford/AstraZeneca, Pfizer/BioNTech",Czechia,https://onemocneni-aktualne.mzcr.cz/covid-19
2021-10-10,6125916,6022658,11925451,21635,"Johnson&Johnson, Moderna, Oxford/AstraZeneca, Pfizer/BioNTech",Czechia,https://onemocneni-aktualne.mzcr.cz/covid-19
2021-10-11,6128846,6027072,11934749,24302,"Johnson&Johnson, Moderna, Oxford/AstraZeneca, Pfizer/BioNTech",Czechia,https://onemocneni-aktualne.mzcr.cz/covid-19
2021-10-12,6131777,6031076,11944422,27760,"Johnson&Johnson, Moderna, Oxford/AstraZeneca, Pfizer/BioNTech",Czechia,https://onemocneni-aktualne.mzcr.cz/covid-19
2021-10-13,6135307,6035259,11955616,32143,"Johnson&Johnson, Moderna, Oxford/AstraZeneca, Pfizer/BioNTech",Czechia,https://onemocneni-aktualne.mzcr.cz/covid-19
2021-10-14,6138980,6040208,11967880,36922,"Johnson&Johnson, Moderna, Oxford/AstraZeneca, Pfizer/BioNTech",Czechia,https://onemocneni-aktualne.mzcr.cz/covid-19
2021-10-15,6144209,6046354,11982992,42022,"Johnson&Johnson, Moderna, Oxford/AstraZeneca, Pfizer/BioNTech",Czechia,https://onemocneni-aktualne.mzcr.cz/covid-19
2021-10-16,6145624,6047881,11986536,43106,"Johnson&Johnson, Moderna, Oxford/AstraZeneca, Pfizer/BioNTech",Czechia,https://onemocneni-aktualne.mzcr.cz/covid-19
2021-10-17,6146951,6048934,11988931,43669,"Johnson&Johnson, Moderna, Oxford/AstraZeneca, Pfizer/BioNTech",Czechia,https://onemocneni-aktualne.mzcr.cz/covid-19
2021-10-18,6151066,6053032,12003242,50864,"Johnson&Johnson, Moderna, Oxford/AstraZeneca, Pfizer/BioNTech",Czechia,https://onemocneni-aktualne.mzcr.cz/covid-19
2021-10-19,6154646,6055130,12018874,61827,"Johnson&Johnson, Moderna, Oxford/AstraZeneca, Pfizer/BioNTech",Czechia,https://onemocneni-aktualne.mzcr.cz/covid-19
2021-10-20,6159526,6059579,12041806,76845,"Johnson&Johnson, Moderna, Oxford/AstraZeneca, Pfizer/BioNTech",Czechia,https://onemocneni-aktualne.mzcr.cz/covid-19
2021-10-21,6167291,6065182,12070533,94454,"Johnson&Johnson, Moderna, Oxford/AstraZeneca, Pfizer/BioNTech",Czechia,https://onemocneni-aktualne.mzcr.cz/covid-19
2021-10-22,6177746,6071686,12103534,113315,"Johnson&Johnson, Moderna, Oxford/AstraZeneca, Pfizer/BioNTech",Czechia,https://onemocneni-aktualne.mzcr.cz/covid-19
2021-10-23,6181421,6073892,12111738,116988,"Johnson&Johnson, Moderna, Oxford/AstraZeneca, Pfizer/BioNTech",Czechia,https://onemocneni-aktualne.mzcr.cz/covid-19
2021-10-24,6184106,6075673,12117451,119489,"Johnson&Johnson, Moderna, Oxford/AstraZeneca, Pfizer/BioNTech",Czechia,https://onemocneni-aktualne.mzcr.cz/covid-19
2021-10-25,6194604,6081480,12150496,139366,"Johnson&Johnson, Moderna, Oxford/AstraZeneca, Pfizer/BioNTech",Czechia,https://onemocneni-aktualne.mzcr.cz/covid-19
2021-10-26,6206596,6088031,12187462,161894,"Johnson&Johnson, Moderna, Oxford/AstraZeneca, Pfizer/BioNTech",Czechia,https://onemocneni-aktualne.mzcr.cz/covid-19
2021-10-27,6221205,6095436,12231653,188310,"Johnson&Johnson, Moderna, Oxford/AstraZeneca, Pfizer/BioNTech",Czechia,https://onemocneni-aktualne.mzcr.cz/covid-19
2021-10-28,6224627,6097120,12239799,192563,"Johnson&Johnson, Moderna, Oxford/AstraZeneca, Pfizer/BioNTech",Czechia,https://onemocneni-aktualne.mzcr.cz/covid-19
2021-10-29,6239063,6105105,12277170,211655,"Johnson&Johnson, Moderna, Oxford/AstraZeneca, Pfizer/BioNTech",Czechia,https://onemocneni-aktualne.mzcr.cz/covid-19
2021-10-30,6243592,6108029,12286468,215508,"Johnson&Johnson, Moderna, Oxford/AstraZeneca, Pfizer/BioNTech",Czechia,https://onemocneni-aktualne.mzcr.cz/covid-19
2021-10-31,6247355,6110501,12294750,219213,"Johnson&Johnson, Moderna, Oxford/AstraZeneca, Pfizer/BioNTech",Czechia,https://onemocneni-aktualne.mzcr.cz/covid-19
2021-11-01,6262553,6118187,12334930,241168,"Johnson&Johnson, Moderna, Oxford/AstraZeneca, Pfizer/BioNTech",Czechia,https://onemocneni-aktualne.mzcr.cz/covid-19
2021-11-02,6278004,6125743,12378645,266681,"Johnson&Johnson, Moderna, Oxford/AstraZeneca, Pfizer/BioNTech",Czechia,https://onemocneni-aktualne.mzcr.cz/covid-19
2021-11-03,6295187,6133039,12429244,296973,"Johnson&Johnson, Moderna, Oxford/AstraZeneca, Pfizer/BioNTech",Czechia,https://onemocneni-aktualne.mzcr.cz/covid-19
2021-11-04,6313539,6141208,12481902,328162,"Johnson&Johnson, Moderna, Oxford/AstraZeneca, Pfizer/BioNTech",Czechia,https://onemocneni-aktualne.mzcr.cz/covid-19
2021-11-05,6336340,6152492,12540178,359140,"Johnson&Johnson, Moderna, Oxford/AstraZeneca, Pfizer/BioNTech",Czechia,https://onemocneni-aktualne.mzcr.cz/covid-19
2021-11-06,6342854,6155546,12554510,365957,"Johnson&Johnson, Moderna, Oxford/AstraZeneca, Pfizer/BioNTech",Czechia,https://onemocneni-aktualne.mzcr.cz/covid-19
2021-11-07,6346875,6157982,12563998,370624,"Johnson&Johnson, Moderna, Oxford/AstraZeneca, Pfizer/BioNTech",Czechia,https://onemocneni-aktualne.mzcr.cz/covid-19
2021-11-08,6363147,6165615,12608690,395903,"Johnson&Johnson, Moderna, Oxford/AstraZeneca, Pfizer/BioNTech",Czechia,https://onemocneni-aktualne.mzcr.cz/covid-19
2021-11-09,6377954,6172910,12654338,424125,"Johnson&Johnson, Moderna, Oxford/AstraZeneca, Pfizer/BioNTech",Czechia,https://onemocneni-aktualne.mzcr.cz/covid-19
2021-11-10,6393696,6180292,12702269,452887,"Johnson&Johnson, Moderna, Oxford/AstraZeneca, Pfizer/BioNTech",Czechia,https://onemocneni-aktualne.mzcr.cz/covid-19
2021-11-11,6409166,6189396,12750200,480575,"Johnson&Johnson, Moderna, Oxford/AstraZeneca, Pfizer/BioNTech",Czechia,https://onemocneni-aktualne.mzcr.cz/covid-19
2021-11-12,6428973,6202197,12804672,508121,"Johnson&Johnson, Moderna, Oxford/AstraZeneca, Pfizer/BioNTech",Czechia,https://onemocneni-aktualne.mzcr.cz/covid-19
2021-11-13,6434365,6206069,12817810,513868,"Johnson&Johnson, Moderna, Oxford/AstraZeneca, Pfizer/BioNTech",Czechia,https://onemocneni-aktualne.mzcr.cz/covid-19
2021-11-14,6438258,6209072,12826752,517519,"Johnson&Johnson, Moderna, Oxford/AstraZeneca, Pfizer/BioNTech",Czechia,https://onemocneni-aktualne.mzcr.cz/covid-19
2021-11-15,6453334,6219763,12870793,540099,"Johnson&Johnson, Moderna, Oxford/AstraZeneca, Pfizer/BioNTech",Czechia,https://onemocneni-aktualne.mzcr.cz/covid-19
2021-11-16,6470875,6231741,12922874,567203,"Johnson&Johnson, Moderna, Oxford/AstraZeneca, Pfizer/BioNTech",Czechia,https://onemocneni-aktualne.mzcr.cz/covid-19
2021-11-17,6475117,6235304,12933923,571722,"Johnson&Johnson, Moderna, Oxford/AstraZeneca, Pfizer/BioNTech",Czechia,https://onemocneni-aktualne.mzcr.cz/covid-19
2021-11-18,6494539,6246996,12985800,597470,"Johnson&Johnson, Moderna, Oxford/AstraZeneca, Pfizer/BioNTech",Czechia,https://onemocneni-aktualne.mzcr.cz/covid-19
2021-11-19,6519145,6263966,13046816,622965,"Johnson&Johnson, Moderna, Oxford/AstraZeneca, Pfizer/BioNTech",Czechia,https://onemocneni-aktualne.mzcr.cz/covid-19
2021-11-20,6527722,6268947,13063606,628543,"Johnson&Johnson, Moderna, Oxford/AstraZeneca, Pfizer/BioNTech",Czechia,https://onemocneni-aktualne.mzcr.cz/covid-19
2021-11-21,6534494,6272720,13075368,631540,"Johnson&Johnson, Moderna, Oxford/AstraZeneca, Pfizer/BioNTech",Czechia,https://onemocneni-aktualne.mzcr.cz/covid-19
2021-11-22,6553008,6286834,13126340,654169,"Johnson&Johnson, Moderna, Oxford/AstraZeneca, Pfizer/BioNTech",Czechia,https://onemocneni-aktualne.mzcr.cz/covid-19
2021-11-23,6572070,6300095,13183658,682874,"Johnson&Johnson, Moderna, Oxford/AstraZeneca, Pfizer/BioNTech",Czechia,https://onemocneni-aktualne.mzcr.cz/covid-19
2021-11-24,6591084,6315942,13243980,711997,"Johnson&Johnson, Moderna, Oxford/AstraZeneca, Pfizer/BioNTech",Czechia,https://onemocneni-aktualne.mzcr.cz/covid-19
2021-11-25,6610232,6330972,13308189,745512,"Johnson&Johnson, Moderna, Oxford/AstraZeneca, Pfizer/BioNTech",Czechia,https://onemocneni-aktualne.mzcr.cz/covid-19
2021-11-26,6631885,6350110,13379718,780370,"Johnson&Johnson, Moderna, Oxford/AstraZeneca, Pfizer/BioNTech",Czechia,https://onemocneni-aktualne.mzcr.cz/covid-19
2021-11-27,6639357,6355665,13399171,788339,"Johnson&Johnson, Moderna, Oxford/AstraZeneca, Pfizer/BioNTech",Czechia,https://onemocneni-aktualne.mzcr.cz/covid-19
2021-11-28,6642691,6358800,13411781,795348,"Johnson&Johnson, Moderna, Oxford/AstraZeneca, Pfizer/BioNTech",Czechia,https://onemocneni-aktualne.mzcr.cz/covid-19
2021-11-29,6657899,6372456,13477433,834444,"Johnson&Johnson, Moderna, Oxford/AstraZeneca, Pfizer/BioNTech",Czechia,https://onemocneni-aktualne.mzcr.cz/covid-19
2021-11-30,6671101,6383687,13551223,885762,"Johnson&Johnson, Moderna, Oxford/AstraZeneca, Pfizer/BioNTech",Czechia,https://onemocneni-aktualne.mzcr.cz/covid-19
2021-12-01,6685136,6396142,13640173,950010,"Johnson&Johnson, Moderna, Oxford/AstraZeneca, Pfizer/BioNTech",Czechia,https://onemocneni-aktualne.mzcr.cz/covid-19
2021-12-02,6695775,6408633,13734794,1023245,"Johnson&Johnson, Moderna, Oxford/AstraZeneca, Pfizer/BioNTech",Czechia,https://onemocneni-aktualne.mzcr.cz/covid-19
2021-12-03,6705413,6424208,13833939,1099192,"Johnson&Johnson, Moderna, Oxford/AstraZeneca, Pfizer/BioNTech",Czechia,https://onemocneni-aktualne.mzcr.cz/covid-19
2021-12-04,6707972,6428157,13866323,1125718,"Johnson&Johnson, Moderna, Oxford/AstraZeneca, Pfizer/BioNTech",Czechia,https://onemocneni-aktualne.mzcr.cz/covid-19
2021-12-05,6709332,6430497,13888756,1144787,"Johnson&Johnson, Moderna, Oxford/AstraZeneca, Pfizer/BioNTech",Czechia,https://onemocneni-aktualne.mzcr.cz/covid-19
2021-12-06,6717479,6442023,13974259,1211671,"Johnson&Johnson, Moderna, Oxford/AstraZeneca, Pfizer/BioNTech",Czechia,https://onemocneni-aktualne.mzcr.cz/covid-19
2021-12-07,6725366,6454031,14071397,1289829,"Johnson&Johnson, Moderna, Oxford/AstraZeneca, Pfizer/BioNTech",Czechia,https://onemocneni-aktualne.mzcr.cz/covid-19
2021-12-08,6733609,6459958,14166700,1371803,"Johnson&Johnson, Moderna, Oxford/AstraZeneca, Pfizer/BioNTech",Czechia,https://onemocneni-aktualne.mzcr.cz/covid-19
2021-12-09,6740729,6472776,14267113,1452905,"Johnson&Johnson, Moderna, Oxford/AstraZeneca, Pfizer/BioNTech",Czechia,https://onemocneni-aktualne.mzcr.cz/covid-19
2021-12-10,6747662,6490580,14367558,1529451,"Johnson&Johnson, Moderna, Oxford/AstraZeneca, Pfizer/BioNTech",Czechia,https://onemocneni-aktualne.mzcr.cz/covid-19
2021-12-11,6749320,6495851,14400295,1555506,"Johnson&Johnson, Moderna, Oxford/AstraZeneca, Pfizer/BioNTech",Czechia,https://onemocneni-aktualne.mzcr.cz/covid-19
2021-12-12,6750630,6500284,14421912,1571549,"Johnson&Johnson, Moderna, Oxford/AstraZeneca, Pfizer/BioNTech",Czechia,https://onemocneni-aktualne.mzcr.cz/covid-19
2021-12-13,6756977,6513595,14501893,1632258,"Johnson&Johnson, Moderna, Oxford/AstraZeneca, Pfizer/BioNTech",Czechia,https://onemocneni-aktualne.mzcr.cz/covid-19
2021-12-14,6763188,6527262,14594740,1705740,"Johnson&Johnson, Moderna, Oxford/AstraZeneca, Pfizer/BioNTech",Czechia,https://onemocneni-aktualne.mzcr.cz/covid-19
2021-12-15,6769393,6540861,14687890,1779538,"Johnson&Johnson, Moderna, Oxford/AstraZeneca, Pfizer/BioNTech",Czechia,https://onemocneni-aktualne.mzcr.cz/covid-19
2021-12-16,6776331,6555695,14784151,1854473,"Johnson&Johnson, Moderna, Oxford/AstraZeneca, Pfizer/BioNTech",Czechia,https://onemocneni-aktualne.mzcr.cz/covid-19
2021-12-17,6784696,6572957,14883475,1928606,"Johnson&Johnson, Moderna, Oxford/AstraZeneca, Pfizer/BioNTech",Czechia,https://onemocneni-aktualne.mzcr.cz/covid-19
2021-12-18,6787306,6578407,14916997,1954254,"Johnson&Johnson, Moderna, Oxford/AstraZeneca, Pfizer/BioNTech",Czechia,https://onemocneni-aktualne.mzcr.cz/covid-19
2021-12-19,6789078,6580910,14939328,1972400,"Johnson&Johnson, Moderna, Oxford/AstraZeneca, Pfizer/BioNTech",Czechia,https://onemocneni-aktualne.mzcr.cz/covid-19
2021-12-20,6794920,6594974,15024202,2037710,"Johnson&Johnson, Moderna, Oxford/AstraZeneca, Pfizer/BioNTech",Czechia,https://onemocneni-aktualne.mzcr.cz/covid-19
2021-12-21,6801582,6606965,15111955,2107149,"Johnson&Johnson, Moderna, Oxford/AstraZeneca, Pfizer/BioNTech",Czechia,https://onemocneni-aktualne.mzcr.cz/covid-19
2021-12-22,6806628,6620018,15187666,2165010,"Johnson&Johnson, Moderna, Oxford/AstraZeneca, Pfizer/BioNTech",Czechia,https://onemocneni-aktualne.mzcr.cz/covid-19
2021-12-23,6809495,6625620,15223469,2192548,"Johnson&Johnson, Moderna, Oxford/AstraZeneca, Pfizer/BioNTech",Czechia,https://onemocneni-aktualne.mzcr.cz/covid-19
2021-12-24,6809541,6625720,15224026,2192971,"Johnson&Johnson, Moderna, Oxford/AstraZeneca, Pfizer/BioNTech",Czechia,https://onemocneni-aktualne.mzcr.cz/covid-19
2021-12-25,6809542,6625728,15224058,2192994,"Johnson&Johnson, Moderna, Oxford/AstraZeneca, Pfizer/BioNTech",Czechia,https://onemocneni-aktualne.mzcr.cz/covid-19
2021-12-26,6809643,6625929,15225356,2193990,"Johnson&Johnson, Moderna, Oxford/AstraZeneca, Pfizer/BioNTech",Czechia,https://onemocneni-aktualne.mzcr.cz/covid-19
2021-12-27,6813506,6635663,15288350,2243565,"Johnson&Johnson, Moderna, Oxford/AstraZeneca, Pfizer/BioNTech",Czechia,https://onemocneni-aktualne.mzcr.cz/covid-19
2021-12-28,6818746,6643654,15359907,2302071,"Johnson&Johnson, Moderna, Oxford/AstraZeneca, Pfizer/BioNTech",Czechia,https://onemocneni-aktualne.mzcr.cz/covid-19
2021-12-29,6823024,6651371,15428381,2358739,"Johnson&Johnson, Moderna, Oxford/AstraZeneca, Pfizer/BioNTech",Czechia,https://onemocneni-aktualne.mzcr.cz/covid-19
2021-12-30,6827322,6656803,15481662,2402428,"Johnson&Johnson, Moderna, Oxford/AstraZeneca, Pfizer/BioNTech",Czechia,https://onemocneni-aktualne.mzcr.cz/covid-19
2021-12-31,6827832,6658226,15492619,2411482,"Johnson&Johnson, Moderna, Oxford/AstraZeneca, Pfizer/BioNTech",Czechia,https://onemocneni-aktualne.mzcr.cz/covid-19
2022-01-01,6827837,6658244,15492681,2411521,"Johnson&Johnson, Moderna, Oxford/AstraZeneca, Pfizer/BioNTech",Czechia,https://onemocneni-aktualne.mzcr.cz/covid-19
2022-01-02,6828693,6659621,15507934,2424582,"Johnson&Johnson, Moderna, Oxford/AstraZeneca, Pfizer/BioNTech",Czechia,https://onemocneni-aktualne.mzcr.cz/covid-19
2022-01-03,6832828,6668518,15579971,2483796,"Johnson&Johnson, Moderna, Oxford/AstraZeneca, Pfizer/BioNTech",Czechia,https://onemocneni-aktualne.mzcr.cz/covid-19
2022-01-04,6837914,6676267,15669217,2560450,"Johnson&Johnson, Moderna, Oxford/AstraZeneca, Pfizer/BioNTech",Czechia,https://onemocneni-aktualne.mzcr.cz/covid-19
2022-01-05,6843725,6684230,15763591,2641261,"Johnson&Johnson, Moderna, Oxford/AstraZeneca, Pfizer/BioNTech",Czechia,https://onemocneni-aktualne.mzcr.cz/covid-19
2022-01-06,6850310,6692633,15865494,2728350,"Johnson&Johnson, Moderna, Oxford/AstraZeneca, Pfizer/BioNTech",Czechia,https://onemocneni-aktualne.mzcr.cz/covid-19
2022-01-07,6858178,6702974,15977309,2822273,"Johnson&Johnson, Moderna, Oxford/AstraZeneca, Pfizer/BioNTech",Czechia,https://onemocneni-aktualne.mzcr.cz/covid-19
2022-01-08,6860659,6705756,16011735,2851531,"Johnson&Johnson, Moderna, Oxford/AstraZeneca, Pfizer/BioNTech",Czechia,https://onemocneni-aktualne.mzcr.cz/covid-19
2022-01-09,6861741,6707449,16031708,2868799,"Johnson&Johnson, Moderna, Oxford/AstraZeneca, Pfizer/BioNTech",Czechia,https://onemocneni-aktualne.mzcr.cz/covid-19
2022-01-10,6866236,6713633,16111152,2937742,"Johnson&Johnson, Moderna, Oxford/AstraZeneca, Pfizer/BioNTech",Czechia,https://onemocneni-aktualne.mzcr.cz/covid-19
2022-01-11,6871674,6720387,16199074,3013683,"Johnson&Johnson, Moderna, Oxford/AstraZeneca, Pfizer/BioNTech",Czechia,https://onemocneni-aktualne.mzcr.cz/covid-19
2022-01-12,6877624,6726029,16286212,3089406,"Johnson&Johnson, Moderna, Oxford/AstraZeneca, Pfizer/BioNTech",Czechia,https://onemocneni-aktualne.mzcr.cz/covid-19
2022-01-13,6883504,6730800,16371535,3164294,"Johnson&Johnson, Moderna, Oxford/AstraZeneca, Pfizer/BioNTech",Czechia,https://onemocneni-aktualne.mzcr.cz/covid-19
2022-01-14,6889799,6734429,16464237,3247315,"Johnson&Johnson, Moderna, Oxford/AstraZeneca, Pfizer/BioNTech",Czechia,https://onemocneni-aktualne.mzcr.cz/covid-19
2022-01-15,6891077,6735083,16488719,3269965,"Johnson&Johnson, Moderna, Oxford/AstraZeneca, Pfizer/BioNTech",Czechia,https://onemocneni-aktualne.mzcr.cz/covid-19
2022-01-16,6891764,6735520,16501561,3281741,"Johnson&Johnson, Moderna, Oxford/AstraZeneca, Pfizer/BioNTech",Czechia,https://onemocneni-aktualne.mzcr.cz/covid-19
2022-01-17,6895308,6739470,16555496,3328327,"Johnson&Johnson, Moderna, Oxford/AstraZeneca, Pfizer/BioNTech",Czechia,https://onemocneni-aktualne.mzcr.cz/covid-19
2022-01-18,6899158,6744418,16613233,3377395,"Johnson&Johnson, Moderna, Oxford/AstraZeneca, Pfizer/BioNTech",Czechia,https://onemocneni-aktualne.mzcr.cz/covid-19
2022-01-19,6903221,6748350,16665733,3422057,"Johnson&Johnson, Moderna, Oxford/AstraZeneca, Pfizer/BioNTech",Czechia,https://onemocneni-aktualne.mzcr.cz/covid-19
2022-01-20,6906814,6752787,16720502,3468923,"Johnson&Johnson, Moderna, Oxford/AstraZeneca, Pfizer/BioNTech",Czechia,https://onemocneni-aktualne.mzcr.cz/covid-19
2022-01-21,6910807,6755313,16782307,3524381,"Johnson&Johnson, Moderna, Oxford/AstraZeneca, Pfizer/BioNTech",Czechia,https://onemocneni-aktualne.mzcr.cz/covid-19
2022-01-22,6911587,6755750,16793244,3534159,"Johnson&Johnson, Moderna, Oxford/AstraZeneca, Pfizer/BioNTech",Czechia,https://onemocneni-aktualne.mzcr.cz/covid-19
2022-01-23,6912149,6756384,16799767,3539521,"Johnson&Johnson, Moderna, Oxford/AstraZeneca, Pfizer/BioNTech",Czechia,https://onemocneni-aktualne.mzcr.cz/covid-19
2022-01-24,6914404,6759816,16837818,3571985,"Johnson&Johnson, Moderna, Oxford/AstraZeneca, Pfizer/BioNTech",Czechia,https://onemocneni-aktualne.mzcr.cz/covid-19
2022-01-25,6916756,6763809,16875138,3603088,"Johnson&Johnson, Moderna, Oxford/AstraZeneca, Pfizer/BioNTech",Czechia,https://onemocneni-aktualne.mzcr.cz/covid-19
2022-01-26,6919138,6768372,16914685,3635769,"Johnson&Johnson, Moderna, Oxford/AstraZeneca, Pfizer/BioNTech",Czechia,https://onemocneni-aktualne.mzcr.cz/covid-19
2022-01-27,6921464,6773182,16954525,3668558,"Johnson&Johnson, Moderna, Oxford/AstraZeneca, Pfizer/BioNTech",Czechia,https://onemocneni-aktualne.mzcr.cz/covid-19
2022-01-28,6924372,6779330,17010982,3716092,"Johnson&Johnson, Moderna, Oxford/AstraZeneca, Pfizer/BioNTech",Czechia,https://onemocneni-aktualne.mzcr.cz/covid-19
2022-01-29,6924972,6780977,17023029,3725930,"Johnson&Johnson, Moderna, Oxford/AstraZeneca, Pfizer/BioNTech",Czechia,https://onemocneni-aktualne.mzcr.cz/covid-19
2022-01-30,6925201,6781754,17027844,3729770,"Johnson&Johnson, Moderna, Oxford/AstraZeneca, Pfizer/BioNTech",Czechia,https://onemocneni-aktualne.mzcr.cz/covid-19
2022-01-31,6926736,6785668,17058022,3754578,"Johnson&Johnson, Moderna, Oxford/AstraZeneca, Pfizer/BioNTech",Czechia,https://onemocneni-aktualne.mzcr.cz/covid-19
2022-02-01,6928318,6789698,17084069,3775089,"Johnson&Johnson, Moderna, Oxford/AstraZeneca, Pfizer/BioNTech",Czechia,https://onemocneni-aktualne.mzcr.cz/covid-19
2022-02-02,6929875,6794195,17110271,3795293,"Johnson&Johnson, Moderna, Oxford/AstraZeneca, Pfizer/BioNTech",Czechia,https://onemocneni-aktualne.mzcr.cz/covid-19
2022-02-03,6931237,6798666,17136659,3815911,"Johnson&Johnson, Moderna, Oxford/AstraZeneca, Pfizer/BioNTech",Czechia,https://onemocneni-aktualne.mzcr.cz/covid-19
2022-02-04,6932826,6803772,17173013,3845636,"Johnson&Johnson, Moderna, Oxford/AstraZeneca, Pfizer/BioNTech",Czechia,https://onemocneni-aktualne.mzcr.cz/covid-19
2022-02-05,6932999,6804381,17178673,3850528,"Johnson&Johnson, Moderna, Oxford/AstraZeneca, Pfizer/BioNTech",Czechia,https://onemocneni-aktualne.mzcr.cz/covid-19
2022-02-06,6933093,6804700,17180964,3852412,"Johnson&Johnson, Moderna, Oxford/AstraZeneca, Pfizer/BioNTech",Czechia,https://onemocneni-aktualne.mzcr.cz/covid-19
2022-02-07,6933787,6807904,17197398,3864987,"Johnson&Johnson, Moderna, Oxford/AstraZeneca, Pfizer/BioNTech",Czechia,https://onemocneni-aktualne.mzcr.cz/covid-19
2022-02-08,6934563,6811080,17213391,3877072,"Johnson&Johnson, Moderna, Oxford/AstraZeneca, Pfizer/BioNTech",Czechia,https://onemocneni-aktualne.mzcr.cz/covid-19
2022-02-09,6935377,6814444,17229452,3889029,"Johnson&Johnson, Moderna, Oxford/AstraZeneca, Pfizer/BioNTech",Czechia,https://onemocneni-aktualne.mzcr.cz/covid-19
2022-02-10,6936155,6817558,17245443,3901153,"Johnson&Johnson, Moderna, Oxford/AstraZeneca, Pfizer/BioNTech",Czechia,https://onemocneni-aktualne.mzcr.cz/covid-19
2022-02-11,6937082,6821462,17269128,3920054,"Johnson&Johnson, Moderna, Oxford/AstraZeneca, Pfizer/BioNTech",Czechia,https://onemocneni-aktualne.mzcr.cz/covid-19
2022-02-12,6937191,6821881,17271993,3922403,"Johnson&Johnson, Moderna, Oxford/AstraZeneca, Pfizer/BioNTech",Czechia,https://onemocneni-aktualne.mzcr.cz/covid-19
2022-02-13,6937227,6822317,17273885,3923829,"Johnson&Johnson, Moderna, Oxford/AstraZeneca, Pfizer/BioNTech",Czechia,https://onemocneni-aktualne.mzcr.cz/covid-19
2022-02-14,6937672,6824416,17284450,3931880,"Johnson&Johnson, Moderna, Oxford/AstraZeneca, Pfizer/BioNTech",Czechia,https://onemocneni-aktualne.mzcr.cz/covid-19
2022-02-15,6938216,6826612,17294487,3939225,"Johnson&Johnson, Moderna, Oxford/AstraZeneca, Pfizer/BioNTech",Czechia,https://onemocneni-aktualne.mzcr.cz/covid-19
2022-02-16,6938803,6828700,17305110,3947194,"Johnson&Johnson, Moderna, Oxford/AstraZeneca, Pfizer/BioNTech",Czechia,https://onemocneni-aktualne.mzcr.cz/covid-19
2022-02-17,6939397,6831028,17316344,3955529,"Johnson&Johnson, Moderna, Oxford/AstraZeneca, Pfizer/BioNTech",Czechia,https://onemocneni-aktualne.mzcr.cz/covid-19
2022-02-18,6940032,6834076,17333782,3969305,"Johnson&Johnson, Moderna, Oxford/AstraZeneca, Pfizer/BioNTech",Czechia,https://onemocneni-aktualne.mzcr.cz/covid-19
2022-02-19,6940109,6834358,17336083,3971252,"Johnson&Johnson, Moderna, Oxford/AstraZeneca, Pfizer/BioNTech",Czechia,https://onemocneni-aktualne.mzcr.cz/covid-19
2022-02-20,6940142,6834507,17336992,3971983,"Johnson&Johnson, Moderna, Oxford/AstraZeneca, Pfizer/BioNTech",Czechia,https://onemocneni-aktualne.mzcr.cz/covid-19
2022-02-21,6940491,6836187,17344852,3977858,"Johnson&Johnson, Moderna, Oxford/AstraZeneca, Pfizer/BioNTech",Czechia,https://onemocneni-aktualne.mzcr.cz/covid-19
2022-02-22,6940851,6837852,17352401,3983400,"Johnson&Johnson, Moderna, Oxford/AstraZeneca, Pfizer/BioNTech",Czechia,https://onemocneni-aktualne.mzcr.cz/covid-19
2022-02-23,6941299,6839453,17360140,3989130,"Johnson&Johnson, Moderna, Oxford/AstraZeneca, Pfizer/BioNTech",Czechia,https://onemocneni-aktualne.mzcr.cz/covid-19
2022-02-24,6941707,6841063,17368140,3995129,"Johnson&Johnson, Moderna, Oxford/AstraZeneca, Pfizer/BioNTech",Czechia,https://onemocneni-aktualne.mzcr.cz/covid-19
2022-02-25,6942218,6842883,17380799,4005488,"Johnson&Johnson, Moderna, Oxford/AstraZeneca, Pfizer/BioNTech",Czechia,https://onemocneni-aktualne.mzcr.cz/covid-19
2022-02-26,6942277,6843019,17382548,4007047,"Johnson&Johnson, Moderna, Oxford/AstraZeneca, Pfizer/BioNTech",Czechia,https://onemocneni-aktualne.mzcr.cz/covid-19
