date,people_vaccinated,people_fully_vaccinated,total_boosters,total_vaccinations,location,vaccine,source_url
2020-12-28,452,0,0,452,Luxembourg,Pfizer/BioNTech,https://data.public.lu/en/datasets/donnees-covid19/#_
2020-12-29,800,0,0,800,Luxembourg,Pfizer/BioNTech,https://data.public.lu/en/datasets/donnees-covid19/#_
2020-12-30,1251,0,0,1251,Luxembourg,Pfizer/BioNTech,https://data.public.lu/en/datasets/donnees-covid19/#_
2021-01-06,1351,0,0,1351,Luxembourg,Pfizer/BioNTech,https://data.public.lu/en/datasets/donnees-covid19/#_
2021-01-07,1496,0,0,1496,Luxembourg,Pfizer/BioNTech,https://data.public.lu/en/datasets/donnees-covid19/#_
2021-01-08,1706,0,0,1706,Luxembourg,Pfizer/BioNTech,https://data.public.lu/en/datasets/donnees-covid19/#_
2021-01-11,1948,0,0,1948,Luxembourg,Pfizer/BioNTech,https://data.public.lu/en/datasets/donnees-covid19/#_
2021-01-12,2377,0,0,2377,Luxembourg,Pfizer/BioNTech,https://data.public.lu/en/datasets/donnees-covid19/#_
2021-01-13,2875,0,0,2875,Luxembourg,Pfizer/BioNTech,https://data.public.lu/en/datasets/donnees-covid19/#_
2021-01-14,3237,0,0,3237,Luxembourg,Pfizer/BioNTech,https://data.public.lu/en/datasets/donnees-covid19/#_
2021-01-15,3680,0,0,3680,Luxembourg,Pfizer/BioNTech,https://data.public.lu/en/datasets/donnees-covid19/#_
2021-01-16,3759,0,0,3759,Luxembourg,Pfizer/BioNTech,https://data.public.lu/en/datasets/donnees-covid19/#_
2021-01-18,4126,447,0,4573,Luxembourg,Pfizer/BioNTech,https://data.public.lu/en/datasets/donnees-covid19/#_
2021-01-19,4503,794,0,5297,Luxembourg,Pfizer/BioNTech,https://data.public.lu/en/datasets/donnees-covid19/#_
2021-01-20,4954,1243,0,6197,Luxembourg,"Moderna, Pfizer/BioNTech",https://data.public.lu/en/datasets/donnees-covid19/#_
2021-01-21,5658,1243,0,6901,Luxembourg,"Moderna, Pfizer/BioNTech",https://data.public.lu/en/datasets/donnees-covid19/#_
2021-01-22,6339,1244,0,7583,Luxembourg,"Moderna, Pfizer/BioNTech",https://data.public.lu/en/datasets/donnees-covid19/#_
2021-01-23,6471,1244,0,7715,Luxembourg,"Moderna, Pfizer/BioNTech",https://data.public.lu/en/datasets/donnees-covid19/#_
2021-01-25,7311,1245,0,8556,Luxembourg,"Moderna, Pfizer/BioNTech",https://data.public.lu/en/datasets/donnees-covid19/#_
2021-01-26,8279,1245,0,9524,Luxembourg,"Moderna, Pfizer/BioNTech",https://data.public.lu/en/datasets/donnees-covid19/#_
2021-01-27,9106,1342,0,10448,Luxembourg,"Moderna, Pfizer/BioNTech",https://data.public.lu/en/datasets/donnees-covid19/#_
2021-01-28,9888,1483,0,11371,Luxembourg,"Moderna, Pfizer/BioNTech",https://data.public.lu/en/datasets/donnees-covid19/#_
2021-01-29,10622,1680,0,12302,Luxembourg,"Moderna, Pfizer/BioNTech",https://data.public.lu/en/datasets/donnees-covid19/#_
2021-01-30,10749,1680,0,12429,Luxembourg,"Moderna, Pfizer/BioNTech",https://data.public.lu/en/datasets/donnees-covid19/#_
2021-02-01,11334,1905,0,13239,Luxembourg,"Moderna, Pfizer/BioNTech",https://data.public.lu/en/datasets/donnees-covid19/#_
2021-02-02,11924,2328,0,14252,Luxembourg,"Moderna, Pfizer/BioNTech",https://data.public.lu/en/datasets/donnees-covid19/#_
2021-02-03,12598,2811,0,15409,Luxembourg,"Moderna, Pfizer/BioNTech",https://data.public.lu/en/datasets/donnees-covid19/#_
2021-02-04,13257,3164,0,16421,Luxembourg,"Moderna, Pfizer/BioNTech",https://data.public.lu/en/datasets/donnees-covid19/#_
2021-02-05,13822,3615,0,17437,Luxembourg,"Moderna, Pfizer/BioNTech",https://data.public.lu/en/datasets/donnees-covid19/#_
2021-02-06,13941,3691,0,17632,Luxembourg,"Moderna, Pfizer/BioNTech",https://data.public.lu/en/datasets/donnees-covid19/#_
2021-02-08,14090,4053,0,18143,Luxembourg,"Moderna, Pfizer/BioNTech",https://data.public.lu/en/datasets/donnees-covid19/#_
2021-02-09,14228,4429,0,18657,Luxembourg,"Moderna, Pfizer/BioNTech",https://data.public.lu/en/datasets/donnees-covid19/#_
2021-02-10,15054,4874,0,19928,Luxembourg,"Moderna, Oxford/AstraZeneca, Pfizer/BioNTech",https://data.public.lu/en/datasets/donnees-covid19/#_
2021-02-11,16133,5263,0,21396,Luxembourg,"Moderna, Oxford/AstraZeneca, Pfizer/BioNTech",https://data.public.lu/en/datasets/donnees-covid19/#_
2021-02-12,16924,5642,0,22566,Luxembourg,"Moderna, Oxford/AstraZeneca, Pfizer/BioNTech",https://data.public.lu/en/datasets/donnees-covid19/#_
2021-02-13,17259,5642,0,22901,Luxembourg,"Moderna, Oxford/AstraZeneca, Pfizer/BioNTech",https://data.public.lu/en/datasets/donnees-covid19/#_
2021-02-15,18056,5973,0,24029,Luxembourg,"Moderna, Oxford/AstraZeneca, Pfizer/BioNTech",https://data.public.lu/en/datasets/donnees-covid19/#_
2021-02-16,19626,6298,0,25924,Luxembourg,"Moderna, Oxford/AstraZeneca, Pfizer/BioNTech",https://data.public.lu/en/datasets/donnees-covid19/#_
2021-02-17,20609,6516,0,27125,Luxembourg,"Moderna, Oxford/AstraZeneca, Pfizer/BioNTech",https://data.public.lu/en/datasets/donnees-covid19/#_
2021-02-18,21857,7082,0,28939,Luxembourg,"Moderna, Oxford/AstraZeneca, Pfizer/BioNTech",https://data.public.lu/en/datasets/donnees-covid19/#_
2021-02-19,22972,7590,0,30562,Luxembourg,"Moderna, Oxford/AstraZeneca, Pfizer/BioNTech",https://data.public.lu/en/datasets/donnees-covid19/#_
2021-02-20,23264,7723,0,30987,Luxembourg,"Moderna, Oxford/AstraZeneca, Pfizer/BioNTech",https://data.public.lu/en/datasets/donnees-covid19/#_
2021-02-22,23690,8239,0,31929,Luxembourg,"Moderna, Oxford/AstraZeneca, Pfizer/BioNTech",https://data.public.lu/en/datasets/donnees-covid19/#_
2021-02-23,24513,8861,0,33374,Luxembourg,"Moderna, Oxford/AstraZeneca, Pfizer/BioNTech",https://data.public.lu/en/datasets/donnees-covid19/#_
2021-02-24,25290,9475,0,34765,Luxembourg,"Moderna, Oxford/AstraZeneca, Pfizer/BioNTech",https://data.public.lu/en/datasets/donnees-covid19/#_
2021-02-25,26094,9982,0,36076,Luxembourg,"Moderna, Oxford/AstraZeneca, Pfizer/BioNTech",https://data.public.lu/en/datasets/donnees-covid19/#_
2021-02-26,26796,10577,0,37373,Luxembourg,"Moderna, Oxford/AstraZeneca, Pfizer/BioNTech",https://data.public.lu/en/datasets/donnees-covid19/#_
2021-02-27,27097,10700,0,37797,Luxembourg,"Moderna, Oxford/AstraZeneca, Pfizer/BioNTech",https://data.public.lu/en/datasets/donnees-covid19/#_
2021-03-01,27659,11466,0,39125,Luxembourg,"Moderna, Oxford/AstraZeneca, Pfizer/BioNTech",https://data.public.lu/en/datasets/donnees-covid19/#_
2021-03-02,28476,11993,0,40469,Luxembourg,"Moderna, Oxford/AstraZeneca, Pfizer/BioNTech",https://data.public.lu/en/datasets/donnees-covid19/#_
2021-03-03,29400,12726,0,42126,Luxembourg,"Moderna, Oxford/AstraZeneca, Pfizer/BioNTech",https://data.public.lu/en/datasets/donnees-covid19/#_
2021-03-04,30722,13455,0,44177,Luxembourg,"Moderna, Oxford/AstraZeneca, Pfizer/BioNTech",https://data.public.lu/en/datasets/donnees-covid19/#_
2021-03-05,31973,14009,0,45982,Luxembourg,"Moderna, Oxford/AstraZeneca, Pfizer/BioNTech",https://data.public.lu/en/datasets/donnees-covid19/#_
2021-03-06,32591,14125,0,46716,Luxembourg,"Moderna, Oxford/AstraZeneca, Pfizer/BioNTech",https://data.public.lu/en/datasets/donnees-covid19/#_
2021-03-08,33238,14284,0,47522,Luxembourg,"Moderna, Oxford/AstraZeneca, Pfizer/BioNTech",https://data.public.lu/en/datasets/donnees-covid19/#_
2021-03-09,34530,14435,0,48965,Luxembourg,"Moderna, Oxford/AstraZeneca, Pfizer/BioNTech",https://data.public.lu/en/datasets/donnees-covid19/#_
2021-03-10,36691,14768,0,51459,Luxembourg,"Moderna, Oxford/AstraZeneca, Pfizer/BioNTech",https://data.public.lu/en/datasets/donnees-covid19/#_
2021-03-11,39561,15315,0,54876,Luxembourg,"Moderna, Oxford/AstraZeneca, Pfizer/BioNTech",https://data.public.lu/en/datasets/donnees-covid19/#_
2021-03-12,42231,15549,0,57780,Luxembourg,"Moderna, Oxford/AstraZeneca, Pfizer/BioNTech",https://data.public.lu/en/datasets/donnees-covid19/#_
2021-03-13,43482,15573,0,59055,Luxembourg,"Moderna, Oxford/AstraZeneca, Pfizer/BioNTech",https://data.public.lu/en/datasets/donnees-covid19/#_
2021-03-15,44878,15899,0,60777,Luxembourg,"Moderna, Oxford/AstraZeneca, Pfizer/BioNTech",https://data.public.lu/en/datasets/donnees-covid19/#_
2021-03-16,47595,16475,0,64070,Luxembourg,"Moderna, Oxford/AstraZeneca, Pfizer/BioNTech",https://data.public.lu/en/datasets/donnees-covid19/#_
2021-03-17,50217,16939,0,67156,Luxembourg,"Moderna, Oxford/AstraZeneca, Pfizer/BioNTech",https://data.public.lu/en/datasets/donnees-covid19/#_
2021-03-18,52869,17476,0,70345,Luxembourg,"Moderna, Oxford/AstraZeneca, Pfizer/BioNTech",https://data.public.lu/en/datasets/donnees-covid19/#_
2021-03-19,55344,17853,0,73197,Luxembourg,"Moderna, Oxford/AstraZeneca, Pfizer/BioNTech",https://data.public.lu/en/datasets/donnees-covid19/#_
2021-03-20,56379,17880,0,74259,Luxembourg,"Moderna, Oxford/AstraZeneca, Pfizer/BioNTech",https://data.public.lu/en/datasets/donnees-covid19/#_
2021-03-22,57403,18138,0,75541,Luxembourg,"Moderna, Oxford/AstraZeneca, Pfizer/BioNTech",https://data.public.lu/en/datasets/donnees-covid19/#_
2021-03-23,59304,18699,0,78003,Luxembourg,"Moderna, Oxford/AstraZeneca, Pfizer/BioNTech",https://data.public.lu/en/datasets/donnees-covid19/#_
2021-03-24,61019,19321,0,80340,Luxembourg,"Moderna, Oxford/AstraZeneca, Pfizer/BioNTech",https://data.public.lu/en/datasets/donnees-covid19/#_
2021-03-25,62802,19861,0,82663,Luxembourg,"Moderna, Oxford/AstraZeneca, Pfizer/BioNTech",https://data.public.lu/en/datasets/donnees-covid19/#_
2021-03-26,64690,20496,0,85186,Luxembourg,"Moderna, Oxford/AstraZeneca, Pfizer/BioNTech",https://data.public.lu/en/datasets/donnees-covid19/#_
2021-03-27,65840,20726,0,86566,Luxembourg,"Moderna, Oxford/AstraZeneca, Pfizer/BioNTech",https://data.public.lu/en/datasets/donnees-covid19/#_
2021-03-29,68604,21092,0,89696,Luxembourg,"Moderna, Oxford/AstraZeneca, Pfizer/BioNTech",https://data.public.lu/en/datasets/donnees-covid19/#_
2021-03-30,70902,21685,0,92587,Luxembourg,"Moderna, Oxford/AstraZeneca, Pfizer/BioNTech",https://data.public.lu/en/datasets/donnees-covid19/#_
2021-03-31,73143,22529,0,95672,Luxembourg,"Moderna, Oxford/AstraZeneca, Pfizer/BioNTech",https://data.public.lu/en/datasets/donnees-covid19/#_
2021-04-01,75852,23517,0,99369,Luxembourg,"Moderna, Oxford/AstraZeneca, Pfizer/BioNTech",https://data.public.lu/en/datasets/donnees-covid19/#_
2021-04-02,78397,24401,0,102798,Luxembourg,"Moderna, Oxford/AstraZeneca, Pfizer/BioNTech",https://data.public.lu/en/datasets/donnees-covid19/#_
2021-04-03,81073,24823,0,105896,Luxembourg,"Moderna, Oxford/AstraZeneca, Pfizer/BioNTech",https://data.public.lu/en/datasets/donnees-covid19/#_
2021-04-05,83637,25314,0,108951,Luxembourg,"Moderna, Oxford/AstraZeneca, Pfizer/BioNTech",https://data.public.lu/en/datasets/donnees-covid19/#_
2021-04-06,86342,26438,0,112780,Luxembourg,"Moderna, Oxford/AstraZeneca, Pfizer/BioNTech",https://data.public.lu/en/datasets/donnees-covid19/#_
2021-04-07,88704,28456,0,117160,Luxembourg,"Moderna, Oxford/AstraZeneca, Pfizer/BioNTech",https://data.public.lu/en/datasets/donnees-covid19/#_
2021-04-08,91060,30921,0,121981,Luxembourg,"Moderna, Oxford/AstraZeneca, Pfizer/BioNTech",https://data.public.lu/en/datasets/donnees-covid19/#_
2021-04-09,93736,33199,0,126935,Luxembourg,"Moderna, Oxford/AstraZeneca, Pfizer/BioNTech",https://data.public.lu/en/datasets/donnees-covid19/#_
2021-04-10,96039,34276,0,130315,Luxembourg,"Moderna, Oxford/AstraZeneca, Pfizer/BioNTech",https://data.public.lu/en/datasets/donnees-covid19/#_
2021-04-12,99979,35156,0,135135,Luxembourg,"Moderna, Oxford/AstraZeneca, Pfizer/BioNTech",https://data.public.lu/en/datasets/donnees-covid19/#_
2021-04-13,103557,37846,0,141403,Luxembourg,"Moderna, Oxford/AstraZeneca, Pfizer/BioNTech",https://data.public.lu/en/datasets/donnees-covid19/#_
2021-04-14,107155,,1,147572,Luxembourg,"Johnson&Johnson, Moderna, Oxford/AstraZeneca, Pfizer/BioNTech",https://data.public.lu/en/datasets/donnees-covid19/#_
2021-04-15,110426,,1,153482,Luxembourg,"Johnson&Johnson, Moderna, Oxford/AstraZeneca, Pfizer/BioNTech",https://data.public.lu/en/datasets/donnees-covid19/#_
2021-04-16,113931,,1,159169,Luxembourg,"Johnson&Johnson, Moderna, Oxford/AstraZeneca, Pfizer/BioNTech",https://data.public.lu/en/datasets/donnees-covid19/#_
2021-04-17,118108,,1,164147,Luxembourg,"Johnson&Johnson, Moderna, Oxford/AstraZeneca, Pfizer/BioNTech",https://data.public.lu/en/datasets/donnees-covid19/#_
2021-04-19,119249,,1,165572,Luxembourg,"Johnson&Johnson, Moderna, Oxford/AstraZeneca, Pfizer/BioNTech",https://data.public.lu/en/datasets/donnees-covid19/#_
2021-04-20,120296,,1,166779,Luxembourg,"Johnson&Johnson, Moderna, Oxford/AstraZeneca, Pfizer/BioNTech",https://data.public.lu/en/datasets/donnees-covid19/#_
2021-04-21,123129,,1,170099,Luxembourg,"Johnson&Johnson, Moderna, Oxford/AstraZeneca, Pfizer/BioNTech",https://data.public.lu/en/datasets/donnees-covid19/#_
2021-04-22,125730,,1,173213,Luxembourg,"Johnson&Johnson, Moderna, Oxford/AstraZeneca, Pfizer/BioNTech",https://data.public.lu/en/datasets/donnees-covid19/#_
2021-04-23,128525,,1,176498,Luxembourg,"Johnson&Johnson, Moderna, Oxford/AstraZeneca, Pfizer/BioNTech",https://data.public.lu/en/datasets/donnees-covid19/#_
2021-04-24,130581,,1,178867,Luxembourg,"Johnson&Johnson, Moderna, Oxford/AstraZeneca, Pfizer/BioNTech",https://data.public.lu/en/datasets/donnees-covid19/#_
2021-04-26,131865,,1,180561,Luxembourg,"Johnson&Johnson, Moderna, Oxford/AstraZeneca, Pfizer/BioNTech",https://data.public.lu/en/datasets/donnees-covid19/#_
2021-04-27,132679,,1,181980,Luxembourg,"Johnson&Johnson, Moderna, Oxford/AstraZeneca, Pfizer/BioNTech",https://data.public.lu/en/datasets/donnees-covid19/#_
2021-04-28,136444,,1,186542,Luxembourg,"Johnson&Johnson, Moderna, Oxford/AstraZeneca, Pfizer/BioNTech",https://data.public.lu/en/datasets/donnees-covid19/#_
2021-04-29,140486,,1,191486,Luxembourg,"Johnson&Johnson, Moderna, Oxford/AstraZeneca, Pfizer/BioNTech",https://data.public.lu/en/datasets/donnees-covid19/#_
2021-04-30,144373,,1,196238,Luxembourg,"Johnson&Johnson, Moderna, Oxford/AstraZeneca, Pfizer/BioNTech",https://data.public.lu/en/datasets/donnees-covid19/#_
2021-05-01,148442,,1,200622,Luxembourg,"Johnson&Johnson, Moderna, Oxford/AstraZeneca, Pfizer/BioNTech",https://data.public.lu/en/datasets/donnees-covid19/#_
2021-05-03,152140,,1,206774,Luxembourg,"Johnson&Johnson, Moderna, Oxford/AstraZeneca, Pfizer/BioNTech",https://data.public.lu/en/datasets/donnees-covid19/#_
2021-05-04,155884,,1,213304,Luxembourg,"Johnson&Johnson, Moderna, Oxford/AstraZeneca, Pfizer/BioNTech",https://data.public.lu/en/datasets/donnees-covid19/#_
2021-05-05,160415,,1,220320,Luxembourg,"Johnson&Johnson, Moderna, Oxford/AstraZeneca, Pfizer/BioNTech",https://data.public.lu/en/datasets/donnees-covid19/#_
2021-05-06,165363,,1,227385,Luxembourg,"Johnson&Johnson, Moderna, Oxford/AstraZeneca, Pfizer/BioNTech",https://data.public.lu/en/datasets/donnees-covid19/#_
2021-05-07,169636,,1,234389,Luxembourg,"Johnson&Johnson, Moderna, Oxford/AstraZeneca, Pfizer/BioNTech",https://data.public.lu/en/datasets/donnees-covid19/#_
2021-05-08,175115,,1,241346,Luxembourg,"Johnson&Johnson, Moderna, Oxford/AstraZeneca, Pfizer/BioNTech",https://data.public.lu/en/datasets/donnees-covid19/#_
2021-05-10,179424,,1,248573,Luxembourg,"Johnson&Johnson, Moderna, Oxford/AstraZeneca, Pfizer/BioNTech",https://data.public.lu/en/datasets/donnees-covid19/#_
2021-05-11,183277,,1,255761,Luxembourg,"Johnson&Johnson, Moderna, Oxford/AstraZeneca, Pfizer/BioNTech",https://data.public.lu/en/datasets/donnees-covid19/#_
2021-05-12,187607,,1,262979,Luxembourg,"Johnson&Johnson, Moderna, Oxford/AstraZeneca, Pfizer/BioNTech",https://data.public.lu/en/datasets/donnees-covid19/#_
2021-05-13,191713,,1,269966,Luxembourg,"Johnson&Johnson, Moderna, Oxford/AstraZeneca, Pfizer/BioNTech",https://data.public.lu/en/datasets/donnees-covid19/#_
2021-05-14,196016,,1,277460,Luxembourg,"Johnson&Johnson, Moderna, Oxford/AstraZeneca, Pfizer/BioNTech",https://data.public.lu/en/datasets/donnees-covid19/#_
2021-05-15,199569,,1,284999,Luxembourg,"Johnson&Johnson, Moderna, Oxford/AstraZeneca, Pfizer/BioNTech",https://data.public.lu/en/datasets/donnees-covid19/#_
2021-05-17,204855,,1,291591,Luxembourg,"Johnson&Johnson, Moderna, Oxford/AstraZeneca, Pfizer/BioNTech",https://data.public.lu/en/datasets/donnees-covid19/#_
2021-05-18,209477,,1,297436,Luxembourg,"Johnson&Johnson, Moderna, Oxford/AstraZeneca, Pfizer/BioNTech",https://data.public.lu/en/datasets/donnees-covid19/#_
2021-05-19,213273,,1,304149,Luxembourg,"Johnson&Johnson, Moderna, Oxford/AstraZeneca, Pfizer/BioNTech",https://data.public.lu/en/datasets/donnees-covid19/#_
2021-05-20,216012,,1,309719,Luxembourg,"Johnson&Johnson, Moderna, Oxford/AstraZeneca, Pfizer/BioNTech",https://data.public.lu/en/datasets/donnees-covid19/#_
2021-05-21,218447,,1,315253,Luxembourg,"Johnson&Johnson, Moderna, Oxford/AstraZeneca, Pfizer/BioNTech",https://data.public.lu/en/datasets/donnees-covid19/#_
2021-05-22,220997,,1,319977,Luxembourg,"Johnson&Johnson, Moderna, Oxford/AstraZeneca, Pfizer/BioNTech",https://data.public.lu/en/datasets/donnees-covid19/#_
2021-05-24,222098,,1,322845,Luxembourg,"Johnson&Johnson, Moderna, Oxford/AstraZeneca, Pfizer/BioNTech",https://data.public.lu/en/datasets/donnees-covid19/#_
2021-05-25,223356,,1,324995,Luxembourg,"Johnson&Johnson, Moderna, Oxford/AstraZeneca, Pfizer/BioNTech",https://data.public.lu/en/datasets/donnees-covid19/#_
2021-05-26,224139,,1,329481,Luxembourg,"Johnson&Johnson, Moderna, Oxford/AstraZeneca, Pfizer/BioNTech",https://data.public.lu/en/datasets/donnees-covid19/#_
2021-05-27,225532,,2,334859,Luxembourg,"Johnson&Johnson, Moderna, Oxford/AstraZeneca, Pfizer/BioNTech",https://data.public.lu/en/datasets/donnees-covid19/#_
2021-05-28,226761,,2,340226,Luxembourg,"Johnson&Johnson, Moderna, Oxford/AstraZeneca, Pfizer/BioNTech",https://data.public.lu/en/datasets/donnees-covid19/#_
2021-05-29,227997,,2,345665,Luxembourg,"Johnson&Johnson, Moderna, Oxford/AstraZeneca, Pfizer/BioNTech",https://data.public.lu/en/datasets/donnees-covid19/#_
2021-05-31,229686,,2,351146,Luxembourg,"Johnson&Johnson, Moderna, Oxford/AstraZeneca, Pfizer/BioNTech",https://data.public.lu/en/datasets/donnees-covid19/#_
2021-06-01,232354,,2,356410,Luxembourg,"Johnson&Johnson, Moderna, Oxford/AstraZeneca, Pfizer/BioNTech",https://data.public.lu/en/datasets/donnees-covid19/#_
2021-06-02,237686,,3,365008,Luxembourg,"Johnson&Johnson, Moderna, Oxford/AstraZeneca, Pfizer/BioNTech",https://data.public.lu/en/datasets/donnees-covid19/#_
2021-06-03,242342,,3,373583,Luxembourg,"Johnson&Johnson, Moderna, Oxford/AstraZeneca, Pfizer/BioNTech",https://data.public.lu/en/datasets/donnees-covid19/#_
2021-06-04,247069,,3,382134,Luxembourg,"Johnson&Johnson, Moderna, Oxford/AstraZeneca, Pfizer/BioNTech",https://data.public.lu/en/datasets/donnees-covid19/#_
2021-06-05,250748,,3,389604,Luxembourg,"Johnson&Johnson, Moderna, Oxford/AstraZeneca, Pfizer/BioNTech",https://data.public.lu/en/datasets/donnees-covid19/#_
2021-06-07,254109,,3,398177,Luxembourg,"Johnson&Johnson, Moderna, Oxford/AstraZeneca, Pfizer/BioNTech",https://data.public.lu/en/datasets/donnees-covid19/#_
2021-06-08,257892,,3,406671,Luxembourg,"Johnson&Johnson, Moderna, Oxford/AstraZeneca, Pfizer/BioNTech",https://data.public.lu/en/datasets/donnees-covid19/#_
2021-06-09,260604,,3,414476,Luxembourg,"Johnson&Johnson, Moderna, Oxford/AstraZeneca, Pfizer/BioNTech",https://data.public.lu/en/datasets/donnees-covid19/#_
2021-06-10,263283,,3,423179,Luxembourg,"Johnson&Johnson, Moderna, Oxford/AstraZeneca, Pfizer/BioNTech",https://data.public.lu/en/datasets/donnees-covid19/#_
2021-06-11,265712,,3,431608,Luxembourg,"Johnson&Johnson, Moderna, Oxford/AstraZeneca, Pfizer/BioNTech",https://data.public.lu/en/datasets/donnees-covid19/#_
2021-06-12,268174,,3,439750,Luxembourg,"Johnson&Johnson, Moderna, Oxford/AstraZeneca, Pfizer/BioNTech",https://data.public.lu/en/datasets/donnees-covid19/#_
2021-06-14,270828,,3,446685,Luxembourg,"Johnson&Johnson, Moderna, Oxford/AstraZeneca, Pfizer/BioNTech",https://data.public.lu/en/datasets/donnees-covid19/#_
2021-06-15,273068,,3,452696,Luxembourg,"Johnson&Johnson, Moderna, Oxford/AstraZeneca, Pfizer/BioNTech",https://data.public.lu/en/datasets/donnees-covid19/#_
2021-06-16,278063,,3,460671,Luxembourg,"Johnson&Johnson, Moderna, Oxford/AstraZeneca, Pfizer/BioNTech",https://data.public.lu/en/datasets/donnees-covid19/#_
2021-06-17,283300,,3,468464,Luxembourg,"Johnson&Johnson, Moderna, Oxford/AstraZeneca, Pfizer/BioNTech",https://data.public.lu/en/datasets/donnees-covid19/#_
2021-06-18,287993,,3,474996,Luxembourg,"Johnson&Johnson, Moderna, Oxford/AstraZeneca, Pfizer/BioNTech",https://data.public.lu/en/datasets/donnees-covid19/#_
2021-06-19,293311,,3,483633,Luxembourg,"Johnson&Johnson, Moderna, Oxford/AstraZeneca, Pfizer/BioNTech",https://data.public.lu/en/datasets/donnees-covid19/#_
2021-06-21,299313,,3,491827,Luxembourg,"Johnson&Johnson, Moderna, Oxford/AstraZeneca, Pfizer/BioNTech",https://data.public.lu/en/datasets/donnees-covid19/#_
2021-06-22,305554,,3,499642,Luxembourg,"Johnson&Johnson, Moderna, Oxford/AstraZeneca, Pfizer/BioNTech",https://data.public.lu/en/datasets/donnees-covid19/#_
2021-06-23,311257,,3,506097,Luxembourg,"Johnson&Johnson, Moderna, Oxford/AstraZeneca, Pfizer/BioNTech",https://data.public.lu/en/datasets/donnees-covid19/#_
2021-06-24,316500,,4,512691,Luxembourg,"Johnson&Johnson, Moderna, Oxford/AstraZeneca, Pfizer/BioNTech",https://data.public.lu/en/datasets/donnees-covid19/#_
2021-06-25,322527,,4,519979,Luxembourg,"Johnson&Johnson, Moderna, Oxford/AstraZeneca, Pfizer/BioNTech",https://data.public.lu/en/datasets/donnees-covid19/#_
2021-06-26,328927,,4,527702,Luxembourg,"Johnson&Johnson, Moderna, Oxford/AstraZeneca, Pfizer/BioNTech",https://data.public.lu/en/datasets/donnees-covid19/#_
2021-06-28,334970,,4,534981,Luxembourg,"Johnson&Johnson, Moderna, Oxford/AstraZeneca, Pfizer/BioNTech",https://data.public.lu/en/datasets/donnees-covid19/#_
2021-06-29,338795,,5,542902,Luxembourg,"Johnson&Johnson, Moderna, Oxford/AstraZeneca, Pfizer/BioNTech",https://data.public.lu/en/datasets/donnees-covid19/#_
2021-06-30,341021,,5,551836,Luxembourg,"Johnson&Johnson, Moderna, Oxford/AstraZeneca, Pfizer/BioNTech",https://data.public.lu/en/datasets/donnees-covid19/#_
2021-07-01,343702,,5,560634,Luxembourg,"Johnson&Johnson, Moderna, Oxford/AstraZeneca, Pfizer/BioNTech",https://data.public.lu/en/datasets/donnees-covid19/#_
2021-07-02,346620,,5,569252,Luxembourg,"Johnson&Johnson, Moderna, Oxford/AstraZeneca, Pfizer/BioNTech",https://data.public.lu/en/datasets/donnees-covid19/#_
2021-07-03,350877,,5,577731,Luxembourg,"Johnson&Johnson, Moderna, Oxford/AstraZeneca, Pfizer/BioNTech",https://data.public.lu/en/datasets/donnees-covid19/#_
2021-07-05,354913,,5,585535,Luxembourg,"Johnson&Johnson, Moderna, Oxford/AstraZeneca, Pfizer/BioNTech",https://data.public.lu/en/datasets/donnees-covid19/#_
2021-07-06,358785,,5,593040,Luxembourg,"Johnson&Johnson, Moderna, Oxford/AstraZeneca, Pfizer/BioNTech",https://data.public.lu/en/datasets/donnees-covid19/#_
2021-07-07,362291,,5,599205,Luxembourg,"Johnson&Johnson, Moderna, Oxford/AstraZeneca, Pfizer/BioNTech",https://data.public.lu/en/datasets/donnees-covid19/#_
2021-07-08,365389,,5,604125,Luxembourg,"Johnson&Johnson, Moderna, Oxford/AstraZeneca, Pfizer/BioNTech",https://data.public.lu/en/datasets/donnees-covid19/#_
2021-07-09,368156,,5,609160,Luxembourg,"Johnson&Johnson, Moderna, Oxford/AstraZeneca, Pfizer/BioNTech",https://data.public.lu/en/datasets/donnees-covid19/#_
2021-07-10,371570,,5,614808,Luxembourg,"Johnson&Johnson, Moderna, Oxford/AstraZeneca, Pfizer/BioNTech",https://data.public.lu/en/datasets/donnees-covid19/#_
2021-07-11,371570,,5,614809,Luxembourg,"Johnson&Johnson, Moderna, Oxford/AstraZeneca, Pfizer/BioNTech",https://data.public.lu/en/datasets/donnees-covid19/#_
2021-07-12,374449,,5,621050,Luxembourg,"Johnson&Johnson, Moderna, Oxford/AstraZeneca, Pfizer/BioNTech",https://data.public.lu/en/datasets/donnees-covid19/#_
2021-07-13,377080,,6,626174,Luxembourg,"Johnson&Johnson, Moderna, Oxford/AstraZeneca, Pfizer/BioNTech",https://data.public.lu/en/datasets/donnees-covid19/#_
2021-07-14,379523,,6,633763,Luxembourg,"Johnson&Johnson, Moderna, Oxford/AstraZeneca, Pfizer/BioNTech",https://data.public.lu/en/datasets/donnees-covid19/#_
2021-07-15,381130,,6,640308,Luxembourg,"Johnson&Johnson, Moderna, Oxford/AstraZeneca, Pfizer/BioNTech",https://data.public.lu/en/datasets/donnees-covid19/#_
2021-07-16,382867,,6,646561,Luxembourg,"Johnson&Johnson, Moderna, Oxford/AstraZeneca, Pfizer/BioNTech",https://data.public.lu/en/datasets/donnees-covid19/#_
2021-07-17,385031,,6,653201,Luxembourg,"Johnson&Johnson, Moderna, Oxford/AstraZeneca, Pfizer/BioNTech",https://data.public.lu/en/datasets/donnees-covid19/#_
2021-07-19,386194,,7,659164,Luxembourg,"Johnson&Johnson, Moderna, Oxford/AstraZeneca, Pfizer/BioNTech",https://data.public.lu/en/datasets/donnees-covid19/#_
2021-07-20,387009,,7,664498,Luxembourg,"Johnson&Johnson, Moderna, Oxford/AstraZeneca, Pfizer/BioNTech",https://data.public.lu/en/datasets/donnees-covid19/#_
2021-07-21,387594,,7,668897,Luxembourg,"Johnson&Johnson, Moderna, Oxford/AstraZeneca, Pfizer/BioNTech",https://data.public.lu/en/datasets/donnees-covid19/#_
2021-07-22,388215,,7,673235,Luxembourg,"Johnson&Johnson, Moderna, Oxford/AstraZeneca, Pfizer/BioNTech",https://data.public.lu/en/datasets/donnees-covid19/#_
2021-07-23,388963,,20,678391,Luxembourg,"Johnson&Johnson, Moderna, Oxford/AstraZeneca, Pfizer/BioNTech",https://data.public.lu/en/datasets/donnees-covid19/#_
2021-07-24,389856,,22,683886,Luxembourg,"Johnson&Johnson, Moderna, Oxford/AstraZeneca, Pfizer/BioNTech",https://data.public.lu/en/datasets/donnees-covid19/#_
2021-07-26,390625,,36,689979,Luxembourg,"Johnson&Johnson, Moderna, Oxford/AstraZeneca, Pfizer/BioNTech",https://data.public.lu/en/datasets/donnees-covid19/#_
2021-07-27,391097,,57,695020,Luxembourg,"Johnson&Johnson, Moderna, Oxford/AstraZeneca, Pfizer/BioNTech",https://data.public.lu/en/datasets/donnees-covid19/#_
2021-07-28,391769,,80,698460,Luxembourg,"Johnson&Johnson, Moderna, Oxford/AstraZeneca, Pfizer/BioNTech",https://data.public.lu/en/datasets/donnees-covid19/#_
2021-07-29,392430,,87,702238,Luxembourg,"Johnson&Johnson, Moderna, Oxford/AstraZeneca, Pfizer/BioNTech",https://data.public.lu/en/datasets/donnees-covid19/#_
2021-07-30,393071,,103,705992,Luxembourg,"Johnson&Johnson, Moderna, Oxford/AstraZeneca, Pfizer/BioNTech",https://data.public.lu/en/datasets/donnees-covid19/#_
2021-07-31,393739,,113,710677,Luxembourg,"Johnson&Johnson, Moderna, Oxford/AstraZeneca, Pfizer/BioNTech",https://data.public.lu/en/datasets/donnees-covid19/#_
2021-08-02,394336,,126,715327,Luxembourg,"Johnson&Johnson, Moderna, Oxford/AstraZeneca, Pfizer/BioNTech",https://data.public.lu/en/datasets/donnees-covid19/#_
2021-08-03,394863,,151,719694,Luxembourg,"Johnson&Johnson, Moderna, Oxford/AstraZeneca, Pfizer/BioNTech",https://data.public.lu/en/datasets/donnees-covid19/#_
2021-08-04,395325,,166,723278,Luxembourg,"Johnson&Johnson, Moderna, Oxford/AstraZeneca, Pfizer/BioNTech",https://data.public.lu/en/datasets/donnees-covid19/#_
2021-08-05,395827,,185,726474,Luxembourg,"Johnson&Johnson, Moderna, Oxford/AstraZeneca, Pfizer/BioNTech",https://data.public.lu/en/datasets/donnees-covid19/#_
2021-08-06,396400,,202,729562,Luxembourg,"Johnson&Johnson, Moderna, Oxford/AstraZeneca, Pfizer/BioNTech",https://data.public.lu/en/datasets/donnees-covid19/#_
2021-08-07,397077,,223,733075,Luxembourg,"Johnson&Johnson, Moderna, Oxford/AstraZeneca, Pfizer/BioNTech",https://data.public.lu/en/datasets/donnees-covid19/#_
2021-08-08,397116,,223,733114,Luxembourg,"Johnson&Johnson, Moderna, Oxford/AstraZeneca, Pfizer/BioNTech",https://data.public.lu/en/datasets/donnees-covid19/#_
2021-08-09,397575,,238,735952,Luxembourg,"Johnson&Johnson, Moderna, Oxford/AstraZeneca, Pfizer/BioNTech",https://data.public.lu/en/datasets/donnees-covid19/#_
2021-08-10,397990,,250,738347,Luxembourg,"Johnson&Johnson, Moderna, Oxford/AstraZeneca, Pfizer/BioNTech",https://data.public.lu/en/datasets/donnees-covid19/#_
2021-08-11,398469,,268,740548,Luxembourg,"Johnson&Johnson, Moderna, Oxford/AstraZeneca, Pfizer/BioNTech",https://data.public.lu/en/datasets/donnees-covid19/#_
2021-08-12,398924,,280,742273,Luxembourg,"Johnson&Johnson, Moderna, Oxford/AstraZeneca, Pfizer/BioNTech",https://data.public.lu/en/datasets/donnees-covid19/#_
2021-08-13,399357,,294,744069,Luxembourg,"Johnson&Johnson, Moderna, Oxford/AstraZeneca, Pfizer/BioNTech",https://data.public.lu/en/datasets/donnees-covid19/#_
2021-08-14,399790,,303,746123,Luxembourg,"Johnson&Johnson, Moderna, Oxford/AstraZeneca, Pfizer/BioNTech",https://data.public.lu/en/datasets/donnees-covid19/#_
2021-08-16,400130,,309,747666,Luxembourg,"Johnson&Johnson, Moderna, Oxford/AstraZeneca, Pfizer/BioNTech",https://data.public.lu/en/datasets/donnees-covid19/#_
2021-08-17,400726,,320,749136,Luxembourg,"Johnson&Johnson, Moderna, Oxford/AstraZeneca, Pfizer/BioNTech",https://data.public.lu/en/datasets/donnees-covid19/#_
2021-08-18,401351,,328,750366,Luxembourg,"Johnson&Johnson, Moderna, Oxford/AstraZeneca, Pfizer/BioNTech",https://data.public.lu/en/datasets/donnees-covid19/#_
2021-08-19,401987,,335,751636,Luxembourg,"Johnson&Johnson, Moderna, Oxford/AstraZeneca, Pfizer/BioNTech",https://data.public.lu/en/datasets/donnees-covid19/#_
2021-08-20,402604,,344,752926,Luxembourg,"Johnson&Johnson, Moderna, Oxford/AstraZeneca, Pfizer/BioNTech",https://data.public.lu/en/datasets/donnees-covid19/#_
2021-08-21,403056,,352,754185,Luxembourg,"Johnson&Johnson, Moderna, Oxford/AstraZeneca, Pfizer/BioNTech",https://data.public.lu/en/datasets/donnees-covid19/#_
2021-08-22,403156,,352,754291,Luxembourg,"Johnson&Johnson, Moderna, Oxford/AstraZeneca, Pfizer/BioNTech",https://data.public.lu/en/datasets/donnees-covid19/#_
2021-08-23,403418,,355,755332,Luxembourg,"Johnson&Johnson, Moderna, Oxford/AstraZeneca, Pfizer/BioNTech",https://data.public.lu/en/datasets/donnees-covid19/#_
2021-08-24,404063,,366,756667,Luxembourg,"Johnson&Johnson, Moderna, Oxford/AstraZeneca, Pfizer/BioNTech",https://data.public.lu/en/datasets/donnees-covid19/#_
2021-08-25,404560,,381,757811,Luxembourg,"Johnson&Johnson, Moderna, Oxford/AstraZeneca, Pfizer/BioNTech",https://data.public.lu/en/datasets/donnees-covid19/#_
2021-08-26,405000,,384,758836,Luxembourg,"Johnson&Johnson, Moderna, Oxford/AstraZeneca, Pfizer/BioNTech",https://data.public.lu/en/datasets/donnees-covid19/#_
2021-08-27,405601,,388,760155,Luxembourg,"Johnson&Johnson, Moderna, Oxford/AstraZeneca, Pfizer/BioNTech",https://data.public.lu/en/datasets/donnees-covid19/#_
2021-08-28,406107,,390,761269,Luxembourg,"Johnson&Johnson, Moderna, Oxford/AstraZeneca, Pfizer/BioNTech",https://data.public.lu/en/datasets/donnees-covid19/#_
2021-08-30,406569,,394,762390,Luxembourg,"Johnson&Johnson, Moderna, Oxford/AstraZeneca, Pfizer/BioNTech",https://data.public.lu/en/datasets/donnees-covid19/#_
2021-08-31,407232,,414,763768,Luxembourg,"Johnson&Johnson, Moderna, Oxford/AstraZeneca, Pfizer/BioNTech",https://data.public.lu/en/datasets/donnees-covid19/#_
2021-09-01,407679,,428,764779,Luxembourg,"Johnson&Johnson, Moderna, Oxford/AstraZeneca, Pfizer/BioNTech",https://data.public.lu/en/datasets/donnees-covid19/#_
2021-09-02,408186,,437,765845,Luxembourg,"Johnson&Johnson, Moderna, Oxford/AstraZeneca, Pfizer/BioNTech",https://data.public.lu/en/datasets/donnees-covid19/#_
2021-09-03,408872,,445,767137,Luxembourg,"Johnson&Johnson, Moderna, Oxford/AstraZeneca, Pfizer/BioNTech",https://data.public.lu/en/datasets/donnees-covid19/#_
2021-09-04,409285,,450,767997,Luxembourg,"Johnson&Johnson, Moderna, Oxford/AstraZeneca, Pfizer/BioNTech",https://data.public.lu/en/datasets/donnees-covid19/#_
2021-09-05,409365,,450,768085,Luxembourg,"Johnson&Johnson, Moderna, Oxford/AstraZeneca, Pfizer/BioNTech",https://data.public.lu/en/datasets/donnees-covid19/#_
2021-09-06,409794,,453,768984,Luxembourg,"Johnson&Johnson, Moderna, Oxford/AstraZeneca, Pfizer/BioNTech",https://data.public.lu/en/datasets/donnees-covid19/#_
2021-09-07,410454,,473,770147,Luxembourg,"Johnson&Johnson, Moderna, Oxford/AstraZeneca, Pfizer/BioNTech",https://data.public.lu/en/datasets/donnees-covid19/#_
2021-09-08,410905,,489,771016,Luxembourg,"Johnson&Johnson, Moderna, Oxford/AstraZeneca, Pfizer/BioNTech",https://data.public.lu/en/datasets/donnees-covid19/#_
2021-09-09,411483,,494,771991,Luxembourg,"Johnson&Johnson, Moderna, Oxford/AstraZeneca, Pfizer/BioNTech",https://data.public.lu/en/datasets/donnees-covid19/#_
2021-09-10,412148,,504,773126,Luxembourg,"Johnson&Johnson, Moderna, Oxford/AstraZeneca, Pfizer/BioNTech",https://data.public.lu/en/datasets/donnees-covid19/#_
2021-09-11,412753,,507,774120,Luxembourg,"Johnson&Johnson, Moderna, Oxford/AstraZeneca, Pfizer/BioNTech",https://data.public.lu/en/datasets/donnees-covid19/#_
2021-09-12,412780,,507,774155,Luxembourg,"Johnson&Johnson, Moderna, Oxford/AstraZeneca, Pfizer/BioNTech",https://data.public.lu/en/datasets/donnees-covid19/#_
2021-09-13,412841,,510,774234,Luxembourg,"Johnson&Johnson, Moderna, Oxford/AstraZeneca, Pfizer/BioNTech",https://data.public.lu/en/datasets/donnees-covid19/#_
2021-09-14,413649,,524,775819,Luxembourg,"Johnson&Johnson, Moderna, Oxford/AstraZeneca, Pfizer/BioNTech",https://data.public.lu/en/datasets/donnees-covid19/#_
2021-09-15,414110,,534,776744,Luxembourg,"Johnson&Johnson, Moderna, Oxford/AstraZeneca, Pfizer/BioNTech",https://data.public.lu/en/datasets/donnees-covid19/#_
2021-09-16,414528,,542,777678,Luxembourg,"Johnson&Johnson, Moderna, Oxford/AstraZeneca, Pfizer/BioNTech",https://data.public.lu/en/datasets/donnees-covid19/#_
2021-09-17,414577,,542,777789,Luxembourg,"Johnson&Johnson, Moderna, Oxford/AstraZeneca, Pfizer/BioNTech",https://data.public.lu/en/datasets/donnees-covid19/#_
